Engine Size(L),Cylinders,Vehicle Class,Transmission,Fuel Type,Actual,Predicted,Residual,Sample Index
3.0,6,SUV - STANDARD,AS7,D,322,306.92146344396366,15.07853655603634,1
3.0,6,TWO-SEATER,AS8,Z,242,249.3424834664648,-7.342483466464813,2
3.6,6,SUV - STANDARD,AS6,X,300,288.0472777066147,11.952722293385307,3
3.6,6,SUV - SMALL,A8,X,275,272.8733981573982,2.126601842601815,4
3.0,6,SUBCOMPACT,AM7,Z,245,271.11173226132735,-26.111732261327347,5
2.0,4,SPECIAL PURPOSE VEHICLE,AV,X,220,217.45637345987342,2.5436265401265814,6
3.0,6,COMPACT,AM7,Z,284,279.0325940932706,4.967405906729425,7
3.0,6,SUV - STANDARD,AS8,D,270,255.58240334991802,14.417596650081975,8
3.5,6,MINIVAN,AS8,X,274,260.70053306878316,13.299466931216841,9
5.0,8,FULL-SIZE,AS8,Z,306,312.1694510462927,-6.169451046292693,10
3.6,6,SUV - SMALL,M6,X,294,296.4079124810376,-2.407912481037613,11
3.3,6,PICKUP TRUCK - STANDARD,AS6,X,274,271.0614655918701,2.9385344081298967,12
4.6,8,PICKUP TRUCK - STANDARD,AS6,X,334,345.177195045695,-11.177195045694987,13
4.0,8,MID-SIZE,AM7,Z,265,274.5893910441415,-9.589391044141507,14
2.4,4,SUV - SMALL,AS6,X,218,238.57978929134174,-20.57978929134174,15
3.5,6,SUV - SMALL,A6,X,246,259.3011851851852,-13.301185185185204,16
1.6,4,MID-SIZE,M6,Z,204,201.0477560190355,2.9522439809645107,17
1.5,4,COMPACT,M5,X,163,165.2487711640212,-2.248771164021207,18
2.0,4,COMPACT,M6,Z,225,217.68434446537762,7.31565553462238,19
4.4,8,COMPACT,AS8,Z,282,286.28489769190486,-4.28489769190486,20
5.6,8,MID-SIZE,AS7,Z,285,295.9946957671959,-10.994695767195878,21
2.0,4,MID-SIZE,A6,E,195,190.04101455026452,4.958985449735479,22
3.0,6,SUV - STANDARD,AS8,Z,336,287.19566659447923,48.804333405520765,23
3.7,6,FULL-SIZE,AS6,X,287,277.27996275021275,9.720037249787254,24
2.3,4,SUBCOMPACT,M6,X,237,227.18378998234888,9.816210017651116,25
2.0,4,COMPACT,AM6,E,170,175.74619841269842,-5.746198412698419,26
2.0,4,SUBCOMPACT,AS8,Z,230,212.43851666546695,17.56148333453305,27
2.0,4,FULL-SIZE,AS8,Z,209,221.22070158300292,-12.22070158300292,28
4.3,6,PICKUP TRUCK - STANDARD,A6,X,296,301.26426604074715,-5.264266040747145,29
4.0,8,SUBCOMPACT,AS7,Z,291,285.8399298941799,5.160070105820125,30
2.0,4,STATION WAGON - SMALL,AS8,X,220,208.234238095238,11.765761904762002,31
3.6,6,SUV - SMALL,AV6,X,242,248.73945378494759,-6.739453784947585,32
2.0,4,COMPACT,AS6,X,200,185.89784980816253,14.102150191837467,33
2.1,4,SUV - SMALL,AS7,D,230,217.87848316498315,12.121516835016848,34
3.2,6,SUV - SMALL,A9,X,248,249.18221797668403,-1.1822179766840293,35
2.0,4,COMPACT,AS6,Z,221,234.16396054125033,-13.163960541250333,36
2.0,4,COMPACT,M6,Z,230,217.68434446537762,12.31565553462238,37
3.0,6,COMPACT,AS8,Z,183,228.61750753728688,-45.61750753728688,38
5.3,8,SUV - STANDARD,A6,X,314,313.21958216510285,0.7804178348971504,39
2.0,4,SUBCOMPACT,AS6,X,189,192.21988235703628,-3.2198823570362833,40
1.6,4,STATION WAGON - SMALL,AV7,Z,186,193.778380952381,-7.7783809523810135,41
2.5,4,MID-SIZE,AS6,X,171,184.6443353800295,-13.644335380029503,42
2.0,4,SUBCOMPACT,AS8,Z,213,212.43851666546695,0.561483334533051,43
3.6,6,SUV - SMALL,A6,X,290,287.0921139344756,2.9078860655243943,44
2.0,4,COMPACT,AV8,Z,205,243.71388227513225,-38.71388227513225,45
2.4,4,SUV - SMALL,AS6,X,241,238.57978929134174,2.42021070865826,46
2.0,4,SUBCOMPACT,M6,Z,236,211.9055142132738,24.09448578672621,47
3.6,6,FULL-SIZE,AS6,X,244,261.00301848097433,-17.003018480974333,48
1.8,4,TWO-SEATER,M6,Z,207,200.41661934846098,6.5833806515390165,49
3.5,6,MID-SIZE,AV8,Z,176,176.32088095238086,-0.3208809523808611,50
5.5,8,MID-SIZE,AS7,Z,297,304.4237063492063,-7.423706349206327,51
2.4,4,FULL-SIZE,AS6,X,193,196.84575000746017,-3.8457500074601683,52
2.0,4,STATION WAGON - SMALL,AV7,X,177,186.04783597883596,-9.047835978835963,53
3.5,6,SUV - SMALL,A6,X,265,259.3011851851852,5.698814814814796,54
1.6,4,SUV - SMALL,A6,D,199,198.31061971361976,0.6893802863802421,55
3.0,6,MID-SIZE,AS8,Z,216,262.22008313863336,-46.220083138633356,56
2.7,6,PICKUP TRUCK - STANDARD,AS10,X,277,261.6481427857776,15.351857214222377,57
6.0,12,MID-SIZE,AS8,Z,389,380.4915423280423,8.508457671957672,58
2.0,4,MID-SIZE,AS8,Z,215,215.90930974618135,-0.90930974618135,59
6.2,8,SUV - STANDARD,A8,Z,323,345.7493587899458,-22.749358789945802,60
3.0,6,MID-SIZE,AS8,Z,295,262.22008313863336,32.779916861366644,61
2.0,4,MID-SIZE,AS6,X,174,195.54230779746257,-21.54230779746257,62
2.0,4,STATION WAGON - MID-SIZE,AS8,Z,221,218.34254800292297,2.6574519970770325,63
3.6,6,FULL-SIZE,AS6,X,248,261.00301848097433,-13.003018480974333,64
2.0,4,SUV - SMALL,AS6,X,230,228.4494460340156,1.5505539659843919,65
1.5,4,FULL-SIZE,AV,X,162,166.1493637566138,-4.149363756613809,66
2.0,4,SUBCOMPACT,AS8,Z,213,212.43851666546695,0.561483334533051,67
5.0,8,FULL-SIZE,A8,Z,304,307.8812203361711,-3.8812203361711113,68
4.0,8,MID-SIZE,AS8,Z,309,299.2418045406456,9.758195459354397,69
2.0,4,MID-SIZE,AS8,Z,211,215.90930974618135,-4.90930974618135,70
6.0,8,VAN - PASSENGER,A6,X,445,439.39901477605474,5.600985223945258,71
6.0,12,TWO-SEATER,AM7,Z,390,366.499714516048,23.500285483951984,72
3.0,6,STATION WAGON - SMALL,AS6,X,259,255.26835004810016,3.73164995189984,73
2.0,4,MID-SIZE,M6,Z,215,227.0448679246879,-12.044867924687907,74
3.3,6,SUV - SMALL,AS6,X,295,274.73832461846405,20.26167538153595,75
2.4,4,MID-SIZE,AV,X,180,177.9824039868085,2.0175960131915076,76
3.5,6,MID-SIZE,AS6,Z,235,248.22493570318568,-13.224935703185679,77
2.0,4,SUV - SMALL,AV8,Z,223,219.6823637566139,3.31763624338609,78
2.5,4,SUV - SMALL,AV,X,196,184.93623279516893,11.063767204831066,79
1.4,4,MINICOMPACT,A6,X,202,193.05565920371325,8.944340796286752,80
3.6,6,MINIVAN,A6,E,254,271.9380307840307,-17.938030784030673,81
1.4,4,COMPACT,M6,X,184,175.13098677874424,8.869013221255756,82
2.0,4,SUBCOMPACT,AS8,Z,190,212.43851666546695,-22.43851666546695,83
6.2,8,SUBCOMPACT,M6,Z,348,321.5382579087578,26.461742091242172,84
2.0,4,MID-SIZE,AM7,Z,196,206.61639886964886,-10.616398869648862,85
2.0,4,COMPACT,AV6,X,189,169.06992137600963,19.93007862399037,86
1.5,4,COMPACT,AV7,X,158,161.12360846560844,-3.1236084656084415,87
4.4,8,SUV - STANDARD,A6,Z,370,319.1626941513437,50.837305848656285,88
3.6,6,MID-SIZE,AS8,X,247,238.35359641339073,8.646403586609267,89
2.5,4,MID-SIZE,AV6,X,121,132.86120419395422,-11.861204193954222,90
4.0,6,PICKUP TRUCK - SMALL,M6,X,317,308.81818109668103,8.18181890331897,91
3.0,6,TWO-SEATER,M6,Z,302,296.2087528217968,5.791247178203207,92
2.8,4,PICKUP TRUCK - SMALL,A6,D,257,276.9540727624265,-19.954072762426506,93
1.5,4,MID-SIZE,A6,X,181,180.84525986050983,0.15474013949017262,94
4.4,8,FULL-SIZE,AS8,Z,282,286.26381299832735,-4.263812998327353,95
5.3,8,PICKUP TRUCK - STANDARD,A8,X,307,305.08018342068425,1.91981657931575,96
2.5,4,SUV - SMALL,AS6,X,217,213.9300703880934,3.0699296119065878,97
1.5,4,STATION WAGON - SMALL,M6,X,174,171.38100793650793,2.6189920634920725,98
3.5,6,SUV - STANDARD,AS6,X,294,304.0733464490488,-10.073346449048813,99
2.0,4,STATION WAGON - SMALL,A8,D,181,182.17650000000006,-1.1765000000000612,100
5.3,8,SUV - STANDARD,A6,E,294,298.79942283975936,-4.799422839759359,101
2.3,4,SUBCOMPACT,AS10,X,219,235.41975998075995,-16.41975998075995,102
5.3,8,PICKUP TRUCK - STANDARD,A6,X,325,317.1744509680365,7.825549031963476,103
2.0,4,SUBCOMPACT,AS6,Z,197,195.33456640124493,1.6654335987550724,104
1.4,4,STATION WAGON - SMALL,M6,X,191,180.5190699855701,10.480930014429902,105
5.0,8,FULL-SIZE,AS8,Z,306,312.1694510462927,-6.169451046292693,106
1.6,4,STATION WAGON - SMALL,M6,Z,197,191.0609892977394,5.939010702260589,107
1.6,4,COMPACT,A4,X,186,184.93372800743623,1.0662719925637703,108
2.4,4,SUV - SMALL,M5,X,230,219.76960247833424,10.230397521665765,109
6.2,8,PICKUP TRUCK - STANDARD,A8,Z,330,326.45296284259814,3.54703715740186,110
5.5,8,STATION WAGON - MID-SIZE,AS7,Z,310,309.5297137445887,0.4702862554112812,111
3.6,6,MID-SIZE,A9,E,237,226.45177269027278,10.548227309727224,112
2.0,4,COMPACT,AM7,Z,221,202.22907222848252,18.770927771517478,113
2.0,4,COMPACT,M5,X,207,192.75582867578177,14.244171324218229,114
3.6,6,FULL-SIZE,A8,X,240,248.61253451508296,-8.612534515082956,115
1.6,4,COMPACT,AS6,X,173,188.02623409352074,-15.026234093520742,116
3.0,6,TWO-SEATER,AS8,Z,242,249.3424834664648,-7.342483466464813,117
3.6,6,SUV - STANDARD,A6,X,283,295.6430691226585,-12.643069122658517,118
3.5,6,MID-SIZE,AM7,Z,177,191.02540476190478,-14.025404761904781,119
3.5,6,STATION WAGON - MID-SIZE,AV7,X,230,232.94394894919893,-2.9439489491989264,120
3.8,6,MINICOMPACT,M7,Z,262,258.33248727294887,3.6675127270511325,121
3.0,6,MID-SIZE,AS7,Z,242,254.4582603692604,-12.458260369260387,122
2.0,4,COMPACT,M6,Z,207,217.68434446537762,-10.68434446537762,123
4.0,8,SUBCOMPACT,A7,Z,291,288.5930952380952,2.406904761904798,124
3.0,6,SUV - STANDARD,AS8,Z,306,287.19566659447923,18.804333405520765,125
3.6,6,SUV - STANDARD,A6,X,283,295.6430691226585,-12.643069122658517,126
5.4,8,VAN - PASSENGER,A4,E,382,382.85298905723903,-0.8529890572390286,127
3.6,6,SUV - SMALL,M6,X,277,296.4079124810376,-19.407912481037613,128
5.7,8,FULL-SIZE,A8,X,283,288.995,-5.9950000000000045,129
1.8,4,COMPACT,A6,X,189,193.06259656730427,-4.0625965673042685,130
5.3,8,SUV - STANDARD,A6,X,314,313.21958216510285,0.7804178348971504,131
2.0,4,SUV - SMALL,AS6,X,225,228.4494460340156,-3.449446034015608,132
1.5,4,SUV - SMALL,A6,X,207,202.86685256410263,4.133147435897371,133
4.4,8,SUBCOMPACT,AS8,Z,286,301.2558568653571,-15.255856865357089,134
1.4,4,STATION WAGON - SMALL,M6,X,194,180.5190699855701,13.480930014429902,135
2.0,4,COMPACT,AV8,Z,254,243.71388227513225,10.28611772486775,136
1.4,4,MID-SIZE,M6,X,179,173.6790566823957,5.3209433176043035,137
3.0,6,COMPACT,A8,Z,228,218.95063170163175,9.04936829836825,138
1.6,4,FULL-SIZE,M6,X,226,212.7153420103288,13.284657989671189,139
2.0,4,MID-SIZE,AS8,Z,216,215.90930974618135,0.09069025381865004,140
5.4,8,VAN - CARGO,A4,E,360,360.5039716163468,-0.5039716163468029,141
3.6,6,SUV - SMALL,M6,X,285,296.4079124810376,-11.407912481037613,142
3.6,6,MID-SIZE,A9,X,235,244.71166748066753,-9.71166748066753,143
1.5,4,COMPACT,A4,X,177,169.70157804232815,7.298421957671849,144
2.0,4,COMPACT,M5,E,188,174.20173809523826,13.798261904761745,145
3.7,6,SUV - SMALL,AS7,Z,294,293.9582808990527,0.041719100947318566,146
2.5,4,MID-SIZE,AV,X,131,157.68233351780654,-26.68233351780654,147
2.0,4,SUV - SMALL,M6,X,199,209.91530343730344,-10.915303437303436,148
6.2,8,PICKUP TRUCK - STANDARD,A10,Z,357,327.73177465127446,29.268225348725537,149
3.0,6,TWO-SEATER,AS8,Z,265,249.3424834664648,15.657516533535187,150
2.0,4,MID-SIZE,AS6,Z,228,231.6250158025524,-3.6250158025524115,151
2.0,4,SUV - SMALL,A8,X,241,243.21681857401865,-2.216818574018646,152
6.0,12,TWO-SEATER,AM7,Z,388,366.499714516048,21.500285483951984,153
1.6,4,MINICOMPACT,M6,Z,179,181.7095348725349,-2.7095348725349027,154
2.4,4,SUV - SMALL,A6,X,237,229.03960197017028,7.960398029829719,155
4.4,8,COMPACT,M6,Z,324,318.3641693121692,5.635830687830776,156
3.7,6,TWO-SEATER,M6,Z,271,268.8739047619047,2.1260952380952745,157
3.6,6,FULL-SIZE,AM7,Z,255,264.6180396825395,-9.618039682539518,158
2.0,4,MID-SIZE,AS8,Z,229,215.90930974618135,13.09069025381865,159
1.4,4,COMPACT,AM7,Z,124,129.9994670060332,-5.9994670060332,160
2.0,4,SUBCOMPACT,M6,Z,214,211.9055142132738,2.09448578672621,161
4.0,8,SUV - STANDARD,AS7,Z,401,358.7459448514449,42.254055148555096,162
3.0,6,FULL-SIZE,AS8,Z,263,268.2432820311867,-5.243282031186709,163
3.6,6,MINIVAN,A9,X,257,252.6321825396826,4.367817460317411,164
2.0,4,COMPACT,AS8,Z,200,210.4807149831761,-10.480714983176114,165
2.4,4,SUV - SMALL,AS6,X,251,238.57978929134174,12.42021070865826,166
3.6,6,MID-SIZE,A6,E,230,231.70023393273394,-1.700233932733937,167
3.0,6,COMPACT,M6,Z,246,251.40635396177487,-5.406353961774869,168
3.0,6,SUV - SMALL,AS8,Z,264,274.7184343357577,-10.718434335757706,169
5.3,8,PICKUP TRUCK - STANDARD,A6,E,323,299.16375733677717,23.836242663222833,170
2.0,4,TWO-SEATER,AM7,Z,219,218.35329274575327,0.6467072542467349,171
2.5,4,SUV - SMALL,AS6,X,220,213.9300703880934,6.069929611906588,172
1.8,4,MID-SIZE,AV,X,174,143.4614085985338,30.538591401466192,173
3.3,6,SUV - SMALL,A6,X,262,265.0268932178933,-3.026893217893303,174
3.0,6,SUBCOMPACT,M6,Z,280,261.71241797266896,18.28758202733104,175
3.0,6,SUBCOMPACT,AM7,Z,299,271.11173226132735,27.888267738672653,176
3.6,6,FULL-SIZE,A8,E,237,234.70196822017573,2.298031779824271,177
5.3,8,PICKUP TRUCK - STANDARD,A8,X,286,305.08018342068425,-19.08018342068425,178
2.0,4,SUV - SMALL,A8,X,233,243.21681857401865,-10.216818574018646,179
4.4,8,SUV - STANDARD,AS8,Z,343,316.91114921126945,26.088850788730554,180
3.5,6,PICKUP TRUCK - SMALL,M6,X,299,299.3045471380473,-0.3045471380473259,181
2.0,4,SUV - STANDARD,A9,X,225,232.90171804121803,-7.901718041218032,182
1.8,4,MID-SIZE,AV7,X,166,172.50395325045312,-6.503953250453122,183
2.4,4,COMPACT,AV6,X,204,212.95328108928118,-8.953281089281177,184
4.7,8,TWO-SEATER,AS7,Z,274,281.05571031746035,-7.055710317460353,185
1.6,4,STATION WAGON - SMALL,AS6,X,206,200.86943650793643,5.1305634920635725,186
3.5,6,SUV - SMALL,AS9,X,257,259.035707070707,-2.0357070707070193,187
4.7,8,SUBCOMPACT,AS7,Z,269,267.1094532227034,1.8905467772966063,188
2.0,4,MID-SIZE,AS6,X,163,195.54230779746257,-32.54230779746257,189
2.0,4,SUV - SMALL,AS9,Z,231,236.15471420810732,-5.154714208107322,190
3.5,6,SUV - SMALL,AV,X,239,252.40981881889402,-13.409818818894024,191
2.0,4,SUBCOMPACT,A9,Z,218,221.8799024437721,-3.879902443772096,192
2.0,4,COMPACT,M6,Z,216,217.68434446537762,-1.6843444653776203,193
3.0,6,SUV - SMALL,AS8,Z,285,274.7184343357577,10.281565664242294,194
2.0,4,MID-SIZE,AS9,Z,211,214.6591902022349,-3.659190202234896,195
2.0,4,SUV - SMALL,AS9,Z,227,236.15471420810732,-9.154714208107322,196
3.2,6,SUV - SMALL,A9,X,251,249.18221797668403,1.8177820233159707,197
2.0,4,SUV - SMALL,A8,X,245,243.21681857401865,1.783181425981354,198
3.3,6,COMPACT,AS8,Z,284,263.5987406351547,20.401259364845316,199
4.0,6,TWO-SEATER,AM7,Z,324,330.8388267195765,-6.8388267195765025,200
1.8,4,MID-SIZE,AV,X,159,143.4614085985338,15.538591401466192,201
1.6,4,MINICOMPACT,AS6,Z,177,186.41232178932177,-9.412321789321766,202
3.5,6,SUV - SMALL,A5,X,276,268.0663498677251,7.93365013227492,203
3.6,6,SUV - SMALL,A5,X,299,307.26359139009134,-8.263591390091335,204
2.0,4,SUV - SMALL,A6,X,264,232.62795666370653,31.372043336293473,205
2.0,4,COMPACT,M6,Z,235,217.68434446537762,17.31565553462238,206
3.6,6,FULL-SIZE,A8,X,242,248.61253451508296,-6.612534515082956,207
2.0,4,SUV - SMALL,M6,X,220,209.91530343730344,10.084696562696564,208
5.3,8,SUV - STANDARD,A6,X,304,313.21958216510285,-9.21958216510285,209
3.5,6,VAN - PASSENGER,AS6,X,345,342.5574629629631,2.4425370370369137,210
5.7,8,FULL-SIZE,A5,X,313,303.98208467271195,9.017915327288051,211
5.3,8,SUV - STANDARD,A6,X,317,313.21958216510285,3.7804178348971504,212
3.6,6,FULL-SIZE,A8,E,229,234.70196822017573,-5.701968220175729,213
2.0,4,SUBCOMPACT,AS6,Z,189,195.33456640124493,-6.334566401244928,214
4.4,8,SUBCOMPACT,AS8,Z,294,301.2558568653571,-7.255856865357089,215
6.2,8,SUV - STANDARD,A10,Z,333,332.14536958933184,0.8546304106681646,216
3.6,6,FULL-SIZE,AS6,E,245,237.20513419913442,7.79486580086558,217
1.6,4,COMPACT,M6,X,167,191.49109613828736,-24.49109613828736,218
2.0,4,COMPACT,AM7,X,202,198.2184082571463,3.781591742853692,219
5.3,8,PICKUP TRUCK - STANDARD,A6,X,292,317.1744509680365,-25.174450968036524,220
6.5,12,TWO-SEATER,AM7,Z,461,458.535930262548,2.4640697374520073,221
3.0,6,SUBCOMPACT,AS8,Z,231,233.7433751586588,-2.7433751586588073,222
5.0,8,FULL-SIZE,AS8,Z,327,312.1694510462927,14.830548953707307,223
2.5,4,SUV - STANDARD,A6,X,248,238.85457010582002,9.145429894179983,224
1.5,4,MID-SIZE,AS6,X,197,194.65978042001572,2.3402195799842787,225
5.0,8,PICKUP TRUCK - STANDARD,AS6,E,286,304.32466351791635,-18.32466351791635,226
3.0,6,FULL-SIZE,AS8,D,224,244.44883945024426,-20.448839450244265,227
2.0,4,COMPACT,A8,D,181,187.41871082321822,-6.41871082321822,228
3.6,6,MID-SIZE,AS6,X,260,264.74681919006923,-4.746819190069232,229
4.4,8,MID-SIZE,AS8,Z,269,302.9041037498505,-33.90410374985049,230
1.5,4,SUV - SMALL,A9,X,210,204.7576745106745,5.242325489325509,231
3.6,6,MID-SIZE,A8,X,242,255.4134793354792,-13.413479335479195,232
1.5,3,MINICOMPACT,AS6,Z,184,183.89140927128423,0.10859072871576814,233
5.0,8,FULL-SIZE,AS8,Z,306,312.1694510462927,-6.169451046292693,234
3.6,6,SUV - SMALL,AS8,X,282,254.44646416546408,27.55353583453592,235
3.0,6,SUV - SMALL,AS8,Z,251,274.7184343357577,-23.718434335757706,236
3.0,6,SUBCOMPACT,AS7,Z,239,249.3324547212047,-10.332454721204698,237
2.4,4,SUV - SMALL,A9,X,220,229.14551972665842,-9.14551972665842,238
3.0,6,SUV - STANDARD,A9,Z,282,291.78538662318084,-9.785386623180841,239
5.2,10,TWO-SEATER,AM7,Z,347,348.07342186599493,-1.0734218659949306,240
2.0,4,SUBCOMPACT,AS8,Z,226,212.43851666546695,13.561483334533051,241
2.4,4,SUV - SMALL,A6,X,249,229.03960197017028,19.96039802982972,242
4.4,8,SUV - STANDARD,AS8,Z,341,316.91114921126945,24.088850788730554,243
2.4,4,SUV - SMALL,A6,X,248,229.03960197017028,18.96039802982972,244
3.5,6,PICKUP TRUCK - SMALL,M6,X,301,299.3045471380473,1.695452861952674,245
2.0,4,SUBCOMPACT,AS8,Z,231,212.43851666546695,18.56148333453305,246
2.4,4,FULL-SIZE,AS6,X,202,196.84575000746017,5.154249992539832,247
4.4,8,COMPACT,AS8,Z,283,286.28489769190486,-3.2848976919048596,248
3.8,6,MINICOMPACT,AM7,Z,262,262.5422921251197,-0.5422921251196726,249
2.4,4,COMPACT,AM8,Z,192,197.96122927997936,-5.961229279979364,250
5.0,8,TWO-SEATER,AS6,Z,311,309.2503481398776,1.7496518601224125,251
4.4,8,COMPACT,AS8,Z,294,286.28489769190486,7.71510230809514,252
3.4,6,TWO-SEATER,AM7,Z,222,223.95020117845115,-1.9502011784511524,253
5.3,8,SUV - STANDARD,A6,X,312,313.21958216510285,-1.2195821651028496,254
2.0,4,COMPACT,AS8,Z,212,210.4807149831761,1.5192850168238863,255
3.6,6,MID-SIZE,AS9,X,237,240.79891798941796,-3.7989179894179586,256
4.2,8,TWO-SEATER,M6,Z,407,387.9298465608464,19.070153439153614,257
2.0,4,SUV - STANDARD,A6,X,239,232.23928226403223,6.7607177359677735,258
2.7,6,PICKUP TRUCK - STANDARD,AS10,X,277,261.6481427857776,15.351857214222377,259
1.8,4,MID-SIZE,M6,X,183,182.0468962280855,0.953103771914499,260
2.0,4,MID-SIZE,AS6,X,238,195.54230779746257,42.45769220253743,261
3.0,6,MID-SIZE,AS7,Z,253,254.4582603692604,-1.4582603692603868,262
6.2,8,SUV - STANDARD,A6,Z,334,339.0533664021163,-5.053366402116296,263
2.4,4,SUV - SMALL,A6,X,230,229.03960197017028,0.9603980298297188,264
2.0,4,SUV - SMALL,AS6,X,256,228.4494460340156,27.550553965984392,265
4.0,6,SUV - STANDARD,AS5,X,308,303.11742309098423,4.882576909015768,266
3.6,6,SUV - SMALL,A6,E,272,265.41809653491015,6.581903465089852,267
5.3,8,PICKUP TRUCK - STANDARD,A8,X,324,305.08018342068425,18.91981657931575,268
1.6,4,COMPACT,M6,X,177,191.49109613828736,-14.49109613828736,269
6.7,12,FULL-SIZE,AS8,Z,396,394.2501819476819,1.749818052318119,270
1.6,4,SPECIAL PURPOSE VEHICLE,AS6,X,223,219.36874374699372,3.631256253006285,271
3.6,6,SUV - STANDARD,A8,X,278,267.13670129870127,10.863298701298731,272
3.5,6,FULL-SIZE,AS6,E,229,253.9656875855626,-24.96568758556259,273
3.0,6,MID-SIZE,AM7,Z,226,228.0904270259077,-2.090427025907701,274
2.0,4,SUV - SMALL,A9,X,232,229.74537566137562,2.2546243386243816,275
6.7,12,STATION WAGON - MID-SIZE,AS8,Z,386,385.1452331927331,0.8547668072669126,276
2.0,4,COMPACT,M6,Z,209,217.68434446537762,-8.68434446537762,277
6.0,12,FULL-SIZE,AS8,Z,356,364.22500132275127,-8.225001322751268,278
2.0,4,COMPACT,A8,Z,209,199.43976266788772,9.56023733211228,279
2.3,4,SUBCOMPACT,AS6,X,219,228.62389526214523,-9.623895262145226,280
1.8,4,COMPACT,M5,X,177,188.36433582211737,-11.364335822117368,281
3.0,6,MID-SIZE,AS8,Z,238,262.22008313863336,-24.220083138633356,282
2.0,4,COMPACT,AS8,D,186,189.94305680430685,-3.943056804306849,283
1.6,4,FULL-SIZE,M6,X,227,212.7153420103288,14.284657989671189,284
3.0,6,SUV - SMALL,AS8,Z,281,274.7184343357577,6.281565664242294,285
1.6,4,MID-SIZE,M6,X,184,208.41469485203405,-24.414694852034046,286
1.5,3,SUBCOMPACT,M6,Z,175,171.1581142514894,3.841885748510606,287
4.0,8,FULL-SIZE,AS8,Z,255,286.3302045177045,-31.330204517704487,288
3.0,6,MID-SIZE,AS7,Z,249,254.4582603692604,-5.458260369260387,289
2.4,4,SPECIAL PURPOSE VEHICLE,A9,X,232,229.97665831379248,2.023341686207516,290
2.0,4,COMPACT,M6,X,179,191.94380457342288,-12.94380457342288,291
2.0,4,COMPACT,A8,Z,193,199.43976266788772,-6.43976266788772,292
6.4,8,MID-SIZE,M6,Z,326,323.7158767343768,2.2841232656231796,293
3.7,6,TWO-SEATER,M6,Z,270,268.8739047619047,1.1260952380952745,294
2.0,4,MID-SIZE,AS8,Z,207,215.90930974618135,-8.90930974618135,295
2.0,4,SUV - SMALL,AS6,X,264,228.4494460340156,35.55055396598439,296
3.0,6,MINICOMPACT,AM7,Z,228,235.74189521111384,-7.741895211113842,297
1.2,4,SUBCOMPACT,M5,X,156,158.19087423687424,-2.1908742368742367,298
2.0,4,MINICOMPACT,M6,Z,221,223.02700288861965,-2.0270028886196485,299
3.6,6,SUV - SMALL,A5,X,299,307.26359139009134,-8.263591390091335,300
5.7,8,FULL-SIZE,A8,X,283,288.995,-5.9950000000000045,301
1.4,4,SUV - SMALL,M6,X,194,199.75749407932108,-5.757494079321077,302
2.0,4,SUV - SMALL,M5,X,216,212.7634731041408,3.236526895859214,303
3.8,8,FULL-SIZE,AS8,Z,334,320.6363121693119,13.363687830688093,304
1.6,4,SUBCOMPACT,M5,X,175,179.65440476190477,-4.654404761904772,305
2.0,4,SUV - SMALL,AS7,Z,233,210.15883268733847,22.841167312661526,306
1.5,4,COMPACT,AV7,Z,140,150.63815343915343,-10.638153439153427,307
3.0,6,SUBCOMPACT,AS8,Z,230,233.7433751586588,-3.7433751586588073,308
2.0,4,SUV - SMALL,AS8,X,210,228.33982153545765,-18.339821535457645,309
1.5,4,STATION WAGON - SMALL,AV,X,151,151.75875793650792,-0.7587579365079193,310
3.6,6,SUV - SMALL,A6,E,259,265.41809653491015,-6.418096534910148,311
5.0,8,MINICOMPACT,AS6,Z,308,306.29986328948854,1.7001367105114582,312
3.0,6,SUV - STANDARD,AS8,Z,291,287.19566659447923,3.804333405520765,313
3.5,6,SUV - STANDARD,AS6,X,294,304.0733464490488,-10.073346449048813,314
1.4,4,SUV - SMALL,AS6,X,196,200.9495181988683,-4.949518198868304,315
5.9,12,SUBCOMPACT,A6,Z,359,350.9705595238095,8.029440476190473,316
6.0,8,VAN - PASSENGER,A6,X,437,439.39901477605474,-2.3990147760547416,317
4.4,8,SUV - STANDARD,AS8,Z,318,316.91114921126945,1.0888507887305536,318
1.5,3,MID-SIZE,AS8,Z,215,203.0024568302068,11.997543169793204,319
5.7,8,FULL-SIZE,A8,X,289,288.995,0.0049999999999954525,320
4.4,8,SUBCOMPACT,AS8,Z,270,301.2558568653571,-31.25585686535709,321
1.6,4,SUBCOMPACT,AS6,X,175,172.9706913179412,2.0293086820587973,322
2.0,4,SUBCOMPACT,M6,Z,203,211.9055142132738,-8.90551421327379,323
3.0,6,TWO-SEATER,AS8,Z,265,249.3424834664648,15.657516533535187,324
1.5,4,SUV - SMALL,AV,X,189,181.0441944444444,7.9558055555555995,325
1.6,4,COMPACT,A4,X,184,184.93372800743623,-0.9337280074362297,326
4.4,8,SUBCOMPACT,AM7,Z,343,343.0966666666667,-0.09666666666669244,327
2.0,4,FULL-SIZE,AS9,Z,217,220.74508826794118,-3.7450882679411848,328
3.5,6,SUV - STANDARD,AS6,X,278,304.0733464490488,-26.073346449048813,329
3.0,6,COMPACT,AS8,Z,238,228.61750753728688,9.382492462713117,330
2.0,4,COMPACT,M6,X,180,191.94380457342288,-11.94380457342288,331
2.0,4,TWO-SEATER,AM6,X,209,189.11525445495343,19.88474554504657,332
1.4,4,STATION WAGON - SMALL,A6,X,221,212.42509319481687,8.574906805183133,333
2.0,4,MINICOMPACT,M6,Z,231,223.02700288861965,7.9729971113803515,334
1.6,4,COMPACT,M6,X,175,191.49109613828736,-16.49109613828736,335
5.3,8,SUV - STANDARD,A6,X,317,313.21958216510285,3.7804178348971504,336
3.5,6,MID-SIZE,AS8,Z,251,239.49007539682526,11.509924603174738,337
2.0,4,SUV - SMALL,AS6,X,241,228.4494460340156,12.550553965984392,338
5.0,8,PICKUP TRUCK - STANDARD,AS10,X,317,313.42982309845564,3.5701769015443574,339
2.0,4,COMPACT,AS8,Z,216,210.4807149831761,5.519285016823886,340
3.5,6,MID-SIZE,M6,X,251,247.86395070207567,3.1360492979243304,341
3.0,6,MINICOMPACT,AM7,Z,248,235.74189521111384,12.258104788886158,342
6.4,8,FULL-SIZE,A8,Z,302,302.28655026455016,-0.28655026455015786,343
3.6,6,SUV - SMALL,M6,X,312,296.4079124810376,15.592087518962387,344
3.5,6,PICKUP TRUCK - STANDARD,AS10,X,303,294.5866239514752,8.41337604852481,345
3.0,6,FULL-SIZE,AS8,Z,299,268.2432820311867,30.75671796881329,346
2.5,4,MID-SIZE,AS8,X,164,178.2515522255522,-14.251552225552189,347
3.0,6,TWO-SEATER,M6,Z,296,296.2087528217968,-0.2087528217967929,348
1.5,4,SUV - SMALL,AV,X,188,181.0441944444444,6.9558055555555995,349
2.0,4,COMPACT,M6,D,196,188.9136075087797,7.086392491220295,350
1.5,4,FULL-SIZE,AV,X,168,166.1493637566138,1.850636243386191,351
2.5,4,SUV - SMALL,AS6,X,221,213.9300703880934,7.069929611906588,352
3.0,6,COMPACT,AS8,Z,230,228.61750753728688,1.3824924627131168,353
2.0,4,SUV - SMALL,AV7,X,188,203.17155375251744,-15.17155375251744,354
2.4,4,SUV - SMALL,A6,E,223,223.72601777389264,-0.7260177738926359,355
2.7,6,PICKUP TRUCK - STANDARD,AS10,X,260,261.6481427857776,-1.6481427857776225,356
2.0,4,FULL-SIZE,A8,Z,209,217.5508170875965,-8.5508170875965,357
3.0,6,SUV - STANDARD,AS8,Z,294,287.19566659447923,6.804333405520765,358
5.3,8,PICKUP TRUCK - STANDARD,A8,X,303,305.08018342068425,-2.08018342068425,359
4.4,8,MID-SIZE,AS8,Z,322,302.9041037498505,19.095896250149508,360
2.0,4,STATION WAGON - SMALL,M6,X,216,212.24572393401812,3.754276065981884,361
3.6,6,SUV - STANDARD,A6,X,315,295.6430691226585,19.356930877341483,362
3.7,6,SUV - SMALL,AS6,X,293,285.6243507511007,7.375649248899322,363
2.5,4,PICKUP TRUCK - SMALL,M6,X,251,251.30118654656894,-0.3011865465689425,364
2.5,4,SUV - STANDARD,AV,X,158,185.0975580079248,-27.09755800792479,365
3.7,6,PICKUP TRUCK - STANDARD,AS6,E,264,288.4894675602176,-24.489467560217577,366
2.4,4,SUV - SMALL,AS6,X,251,238.57978929134174,12.42021070865826,367
3.6,6,SUV - SMALL,AS9,X,270,277.7142559570992,-7.714255957099226,368
2.5,4,SUV - SMALL,M6,X,225,225.5377966477966,-0.537796647796597,369
6.4,8,FULL-SIZE,A8,Z,302,302.28655026455016,-0.28655026455015786,370
3.6,6,FULL-SIZE,AS6,X,262,261.00301848097433,0.9969815190256668,371
3.3,6,MINIVAN,AS6,X,275,279.70655669330677,-4.706556693306766,372
1.8,4,COMPACT,M5,X,198,188.36433582211737,9.635664177882632,373
1.6,4,MID-SIZE,M6,X,221,208.41469485203405,12.585305147965954,374
4.0,6,PICKUP TRUCK - SMALL,A5,X,292,311.87276754345896,-19.872767543458963,375
4.4,8,SUV - STANDARD,AS8,Z,294,316.91114921126945,-22.911149211269446,376
2.3,4,MID-SIZE,M6,Z,255,251.08390519039793,3.916094809602072,377
2.5,4,TWO-SEATER,AM7,Z,249,241.62546103896122,7.37453896103878,378
1.4,4,MINICOMPACT,M5,X,182,175.40998631554615,6.590013684453851,379
2.5,4,SUV - SMALL,AV,X,194,184.93623279516893,9.063767204831066,380
1.8,4,COMPACT,AS6,X,197,193.21602121367278,3.783978786327225,381
1.8,4,COMPACT,AV,X,132,148.4939802789802,-16.49398027898019,382
5.5,8,TWO-SEATER,A7,Z,291,274.9173880297261,16.082611970273888,383
2.0,4,COMPACT,AS8,D,181,189.94305680430685,-8.943056804306849,384
2.0,4,COMPACT,M5,X,193,192.75582867578177,0.24417132421822885,385
3.6,6,SUV - SMALL,A6,E,274,265.41809653491015,8.581903465089852,386
3.3,6,FULL-SIZE,AS6,X,251,257.06358549325336,-6.063585493253356,387
1.8,4,MID-SIZE,M6,X,184,182.0468962280855,1.953103771914499,388
1.5,3,SUBCOMPACT,M6,Z,172,171.1581142514894,0.8418857485106059,389
3.5,6,PICKUP TRUCK - STANDARD,AS10,X,305,294.5866239514752,10.41337604852481,390
4.3,6,PICKUP TRUCK - STANDARD,A6,X,318,301.26426604074715,16.735733959252855,391
3.6,6,FULL-SIZE,AS6,Z,299,294.902411976912,4.097588023088008,392
3.7,6,SUBCOMPACT,M6,Z,267,278.7413537717072,-11.741353771707224,393
2.0,4,COMPACT,AS8,Z,215,210.4807149831761,4.519285016823886,394
6.0,8,VAN - PASSENGER,A6,E,413,414.2261067002169,-1.226106700216917,395
4.0,8,SUBCOMPACT,AS7,Z,285,285.8399298941799,-0.8399298941798747,396
1.4,4,COMPACT,M6,X,173,175.13098677874424,-2.1309867787442442,397
2.0,4,SUV - SMALL,A9,Z,250,235.44695827647286,14.553041723527144,398
2.5,4,MID-SIZE,AV,X,137,157.68233351780654,-20.68233351780654,399
3.6,6,SUV - STANDARD,A8,Z,277,285.8858127613128,-8.88581276131282,400
2.0,4,COMPACT,M6,Z,227,217.68434446537762,9.31565553462238,401
2.0,4,COMPACT,A6,X,177,190.31808488264292,-13.318084882642921,402
1.5,4,STATION WAGON - SMALL,AV,X,151,151.75875793650792,-0.7587579365079193,403
2.0,4,SUV - SMALL,A6,Z,246,245.7920966805624,0.2079033194376052,404
2.0,4,COMPACT,AS6,E,175,171.98909282065324,3.010907179346759,405
3.0,6,MID-SIZE,AS8,Z,219,262.22008313863336,-43.220083138633356,406
3.4,6,MINICOMPACT,M7,Z,261,248.73069028836875,12.269309711631252,407
1.8,4,MID-SIZE,M5,X,198,185.96880924086813,12.031190759131874,408
2.0,4,SUV - SMALL,A9,Z,234,235.44695827647286,-1.4469582764728557,409
5.3,8,SUV - STANDARD,A6,X,337,313.21958216510285,23.78041783489715,410
1.5,4,COMPACT,M5,X,170,165.2487711640212,4.751228835978793,411
5.6,8,MID-SIZE,AS7,Z,300,295.9946957671959,4.0053042328041215,412
2.0,4,COMPACT,AS8,Z,221,210.4807149831761,10.519285016823886,413
6.2,8,SUV - STANDARD,A10,Z,340,332.14536958933184,7.854630410668165,414
5.7,8,SUV - STANDARD,AS6,X,384,382.9444486531986,1.0555513468013942,415
5.5,8,SUV - STANDARD,AS7,Z,369,389.39999719779155,-20.39999719779155,416
3.5,6,PICKUP TRUCK - SMALL,M6,X,292,299.3045471380473,-7.304547138047326,417
1.4,4,MID-SIZE,M6,X,172,173.6790566823957,-1.6790566823956965,418
3.5,6,SUV - STANDARD,AS6,X,272,304.0733464490488,-32.07334644904881,419
1.2,3,COMPACT,AV,X,139,142.5223101250602,-3.522310125060187,420
4.7,8,TWO-SEATER,AM7,Z,338,341.37685185185177,-3.376851851851768,421
2.3,4,SUBCOMPACT,AS10,X,244,235.41975998075995,8.580240019240051,422
5.3,8,VAN - PASSENGER,A4,X,380,381.88201984126977,-1.8820198412697664,423
5.6,8,PICKUP TRUCK - STANDARD,AS7,X,333,320.04739784289785,12.952602157102149,424
5.3,8,PICKUP TRUCK - STANDARD,A6,X,298,317.1744509680365,-19.174450968036524,425
2.0,4,SUBCOMPACT,A6,Z,209,222.49225048736736,-13.492250487367357,426
2.0,4,SUV - SMALL,AS6,X,256,228.4494460340156,27.550553965984392,427
3.0,6,COMPACT,AS8,Z,230,228.61750753728688,1.3824924627131168,428
2.0,4,COMPACT,M6,Z,235,217.68434446537762,17.31565553462238,429
2.0,4,MID-SIZE,AM6,X,133,134.0185692733193,-1.0185692733192866,430
5.3,8,SUV - STANDARD,A6,X,317,313.21958216510285,3.7804178348971504,431
2.4,4,SUV - SMALL,A4,X,260,254.33829886633777,5.661701133662234,432
5.3,8,PICKUP TRUCK - STANDARD,A6,X,317,317.1744509680365,-0.17445096803652405,433
2.5,4,MID-SIZE,A6,X,224,208.45748324514994,15.542516754850055,434
2.0,4,MINICOMPACT,AS6,Z,198,197.4083288358098,0.5916711641901884,435
3.5,6,MID-SIZE,AV7,Z,227,229.23795251970253,-2.2379525197025316,436
2.5,4,SUV - SMALL,AV8,X,192,221.6929191801485,-29.692919180148493,437
5.6,8,MID-SIZE,AS7,Z,294,295.9946957671959,-1.9946957671958785,438
2.0,4,MID-SIZE,AS6,X,206,195.54230779746257,10.45769220253743,439
2.0,4,COMPACT,M6,Z,233,217.68434446537762,15.31565553462238,440
5.5,8,SUV - STANDARD,AS7,Z,363,389.39999719779155,-26.39999719779155,441
2.0,4,STATION WAGON - SMALL,AM7,Z,192,210.4337719699891,-18.433771969989095,442
3.5,6,PICKUP TRUCK - STANDARD,A5,X,308,284.04726061447684,23.95273938552316,443
3.5,6,MID-SIZE,AV7,Z,223,229.23795251970253,-6.237952519702532,444
2.0,4,COMPACT,AV8,Z,255,243.71388227513225,11.28611772486775,445
2.0,4,MID-SIZE,AS6,Z,252,231.6250158025524,20.37498419744759,446
3.3,6,SUV - SMALL,AS6,X,260,274.73832461846405,-14.738324618464048,447
1.6,4,COMPACT,A6,Z,207,203.29487289562286,3.7051271043771408,448
3.7,6,PICKUP TRUCK - STANDARD,A6,E,264,286.2888544973546,-22.288854497354578,449
4.0,8,FULL-SIZE,AM8,Z,261,275.6684247234247,-14.668424723424721,450
3.0,6,MID-SIZE,AS8,Z,258,262.22008313863336,-4.220083138633356,451
3.0,6,SUV - SMALL,A6,Z,246,262.8664907154646,-16.86649071546458,452
1.4,4,SUV - SMALL,AS6,X,182,200.9495181988683,-18.949518198868304,453
2.5,4,COMPACT,AS6,X,192,186.8829432709311,5.117056729068906,454
5.7,8,PICKUP TRUCK - STANDARD,AS6,X,382,370.2001439650962,11.799856034903826,455
3.0,6,COMPACT,M6,Z,237,251.40635396177487,-14.406353961774869,456
3.8,6,MINICOMPACT,M7,Z,258,258.33248727294887,-0.3324872729488675,457
5.3,8,PICKUP TRUCK - STANDARD,A6,X,339,317.1744509680365,21.825549031963476,458
3.6,6,SUV - STANDARD,A9,X,277,267.76259800384804,9.23740199615196,459
5.6,8,PICKUP TRUCK - STANDARD,A5,X,398,371.41528032909076,26.584719670909237,460
6.4,8,MID-SIZE,A8,Z,305,301.2775347321524,3.7224652678476104,461
2.0,4,TWO-SEATER,A9,Z,200,203.03740476190475,-3.037404761904753,462
2.0,4,COMPACT,AS8,Z,209,210.4807149831761,-1.4807149831761137,463
6.2,8,STATION WAGON - SMALL,AS6,Z,382,364.4019490139491,17.598050986050907,464
2.0,4,SUV - SMALL,AS8,D,229,227.02829512871293,1.9717048712870735,465
6.2,8,SUV - STANDARD,A6,E,354,334.61994444444434,19.380055555555657,466
2.4,4,MID-SIZE,AM6,X,150,142.17528501128498,7.824714988715016,467
5.3,8,VAN - CARGO,A4,X,380,374.3475214970212,5.652478502978795,468
3.6,6,FULL-SIZE,AM7,Z,255,264.6180396825395,-9.618039682539518,469
6.0,12,SUV - STANDARD,AS8,Z,370,423.3391904761904,-53.339190476190424,470
1.3,4,MINICOMPACT,AV,X,147,147.89977477152482,-0.8997747715248181,471
6.6,12,FULL-SIZE,AS8,Z,397,380.69253004003474,16.30746995996526,472
3.8,8,SUV - STANDARD,AS8,Z,360,351.60622222222224,8.393777777777757,473
3.2,6,SUV - SMALL,A9,X,267,249.18221797668403,17.81778202331597,474
5.5,8,SUV - STANDARD,AS7,Z,366,389.39999719779155,-23.39999719779155,475
3.0,6,SUV - STANDARD,AS8,Z,283,287.19566659447923,-4.195666594479235,476
2.7,6,SUV - SMALL,AS6,X,281,280.2046777296777,0.7953222703222877,477
3.6,6,FULL-SIZE,AS6,X,249,261.00301848097433,-12.003018480974333,478
2.0,4,SUV - SMALL,AS8,D,213,227.02829512871293,-14.028295128712926,479
1.4,4,SUBCOMPACT,AV,X,167,159.9396645021645,7.060335497835496,480
4.4,8,SUV - STANDARD,AS8,Z,322,316.91114921126945,5.088850788730554,481
3.5,6,SUBCOMPACT,AS7,Z,239,237.72690897065888,1.273091029341117,482
3.7,6,MID-SIZE,AS7,Z,253,258.2082443251194,-5.208244325119381,483
1.5,4,SUV - SMALL,A6,X,196,202.86685256410263,-6.866852564102629,484
4.4,8,COMPACT,M6,Z,324,318.3641693121692,5.635830687830776,485
3.5,6,MID-SIZE,AS7,Z,235,202.0959204175453,32.9040795824547,486
3.0,6,MID-SIZE,AS8,Z,235,262.22008313863336,-27.220083138633356,487
3.6,6,MID-SIZE,AS8,Z,294,291.20277777777784,2.7972222222221603,488
3.8,6,MINICOMPACT,AM7,Z,253,262.5422921251197,-9.542292125119673,489
4.0,6,PICKUP TRUCK - SMALL,M6,X,317,308.81818109668103,8.18181890331897,490
3.5,6,COMPACT,AS6,Z,258,255.5747120749621,2.4252879250379067,491
2.0,4,SUV - SMALL,AS8,D,211,227.02829512871293,-16.028295128712926,492
2.5,4,SUV - SMALL,AS6,E,218,217.18181532679571,0.8181846732042857,493
2.0,4,SUV - SMALL,AS8,X,224,228.33982153545765,-4.339821535457645,494
3.5,6,PICKUP TRUCK - STANDARD,AS10,X,298,294.5866239514752,3.4133760485248104,495
2.4,4,MID-SIZE,A6,X,212,215.21244179894188,-3.2124417989418816,496
3.6,6,MID-SIZE,A8,X,237,255.4134793354792,-18.413479335479195,497
3.0,6,COMPACT,M6,Z,245,251.40635396177487,-6.406353961774869,498
2.0,4,MID-SIZE,AS8,Z,224,215.90930974618135,8.09069025381865,499
2.0,4,SUBCOMPACT,M6,Z,211,211.9055142132738,-0.9055142132737899,500
1.4,4,MINICOMPACT,A6,X,203,193.05565920371325,9.944340796286752,501
6.7,12,FULL-SIZE,A8,Z,393,387.8194424094424,5.180557590557612,502
2.7,6,SUV - SMALL,AS8,X,258,258.7503158785659,-0.7503158785659139,503
2.5,4,MID-SIZE,AS6,X,170,184.6443353800295,-14.644335380029503,504
4.4,8,SUBCOMPACT,AS8,Z,269,301.2558568653571,-32.25585686535709,505
2.7,6,FULL-SIZE,AS6,X,280,281.2489700854701,-1.2489700854700914,506
2.5,4,MID-SIZE,AV,X,198,157.68233351780654,40.31766648219346,507
5.0,8,TWO-SEATER,AS8,Z,299,305.5529979590272,-6.552997959027209,508
5.0,8,PICKUP TRUCK - STANDARD,AS10,E,288,298.18051591506253,-10.180515915062529,509
4.8,8,FULL-SIZE,AM7,Z,298,296.74787150349636,1.2521284965036443,510
3.0,6,MID-SIZE,AS8,Z,243,262.22008313863336,-19.220083138633356,511
2.0,4,SUV - SMALL,AS6,X,216,228.4494460340156,-12.449446034015608,512
6.7,12,FULL-SIZE,AS8,Z,400,394.2501819476819,5.749818052318119,513
2.0,4,COMPACT,M6,X,173,191.94380457342288,-18.94380457342288,514
3.6,6,SUV - STANDARD,A6,X,268,295.6430691226585,-27.643069122658517,515
2.0,4,COMPACT,AS8,X,226,205.14802988677988,20.85197011322012,516
3.5,6,PICKUP TRUCK - STANDARD,AS10,X,295,294.5866239514752,0.41337604852481036,517
2.0,4,STATION WAGON - SMALL,AS8,Z,208,219.02208250730294,-11.02208250730294,518
3.8,6,FULL-SIZE,AS8,X,276,277.5080459077959,-1.5080459077959176,519
1.4,4,MINICOMPACT,M5,X,168,175.40998631554615,-7.409986315546149,520
4.4,8,FULL-SIZE,AS8,Z,294,286.26381299832735,7.736187001672647,521
3.6,6,COMPACT,AS8,X,247,241.8640218855219,5.1359781144780925,522
2.4,4,SUV - SMALL,A9,E,231,209.0506234321233,21.949376567876698,523
4.0,8,FULL-SIZE,AM8,Z,295,275.6684247234247,19.33157527657528,524
5.3,8,VAN - CARGO,A4,X,380,374.3475214970212,5.652478502978795,525
1.6,4,COMPACT,A6,Z,207,203.29487289562286,3.7051271043771408,526
3.0,6,SUBCOMPACT,AM7,Z,282,271.11173226132735,10.888267738672653,527
1.6,4,COMPACT,M6,X,168,191.49109613828736,-23.49109613828736,528
6.6,12,FULL-SIZE,AS8,Z,373,380.69253004003474,-7.69253004003474,529
3.6,6,FULL-SIZE,A8,X,242,248.61253451508296,-6.612534515082956,530
1.5,3,MINICOMPACT,AM7,Z,174,176.00663935416222,-2.0066393541622176,531
2.4,4,SUV - SMALL,A6,X,238,229.03960197017028,8.960398029829719,532
1.2,4,SUBCOMPACT,AV,X,159,157.06481794131795,1.9351820586820452,533
3.6,6,FULL-SIZE,AS6,X,267,261.00301848097433,5.996981519025667,534
3.3,6,MID-SIZE,AS8,Z,265,270.39256283066226,-5.392562830662257,535
1.8,4,TWO-SEATER,AS7,Z,207,207.6847619047619,-0.6847619047618991,536
2.5,4,PICKUP TRUCK - SMALL,A6,X,263,256.2786557683361,6.72134423166392,537
4.2,8,TWO-SEATER,A7,Z,336,322.60747660818714,13.392523391812858,538
2.4,4,SUV - SMALL,AS6,X,230,238.57978929134174,-8.57978929134174,539
5.7,8,SUV - STANDARD,A8,X,331,331.36505262827114,-0.36505262827114393,540
3.5,6,FULL-SIZE,AS6,X,271,274.62147642627525,-3.621476426275251,541
1.6,4,MID-SIZE,M6,Z,195,201.0477560190355,-6.047756019035489,542
1.6,4,COMPACT,M6,Z,172,194.32440468647496,-22.324404686474963,543
2.5,4,MID-SIZE,AS6,X,187,184.6443353800295,2.355664619970497,544
2.5,4,SUV - SMALL,AV,X,192,184.93623279516893,7.063767204831066,545
3.0,6,FULL-SIZE,AM8,Z,250,239.32607407407394,10.673925925926056,546
3.5,6,STATION WAGON - MID-SIZE,AV7,X,232,232.94394894919893,-0.9439489491989264,547
3.2,6,SUV - SMALL,AS6,X,264,260.7689146224145,3.2310853775854866,548
5.3,8,PICKUP TRUCK - STANDARD,A6,X,350,317.1744509680365,32.825549031963476,549
3.6,6,FULL-SIZE,A5,E,254,262.40275348725356,-8.402753487253563,550
2.4,4,COMPACT,AS6,X,226,215.40363891266338,10.596361087336618,551
6.5,12,TWO-SEATER,AM7,Z,452,458.535930262548,-6.535930262547993,552
3.8,6,MINICOMPACT,AM7,Z,251,262.5422921251197,-11.542292125119673,553
1.6,4,COMPACT,M6,Z,196,194.32440468647496,1.6755953135250365,554
3.6,6,SUV - STANDARD,AS6,X,283,288.0472777066147,-5.047277706614693,555
1.6,4,MID-SIZE,M6,X,186,208.41469485203405,-22.414694852034046,556
3.0,6,SUV - SMALL,AS8,D,244,250.11530479815022,-6.11530479815022,557
3.3,6,SUV - SMALL,AS6,X,264,274.73832461846405,-10.738324618464048,558
6.7,12,FULL-SIZE,AS8,Z,382,394.2501819476819,-12.250181947681881,559
4.0,8,SUBCOMPACT,A9,Z,306,284.01138359788365,21.98861640211635,560
2.0,4,MID-SIZE,AV,X,131,145.404029853492,-14.404029853492005,561
3.5,6,SUV - SMALL,AS6,Z,255,249.40218121693124,5.59781878306876,562
4.0,6,SUV - STANDARD,AS5,X,321,303.11742309098423,17.882576909015768,563
5.9,12,MINICOMPACT,A6,Z,359,360.09277380952386,-1.0927738095238624,564
3.0,6,MID-SIZE,AS8,D,213,216.75213742738742,-3.7521374273874244,565
3.6,6,FULL-SIZE,A8,X,240,248.61253451508296,-8.612534515082956,566
3.5,6,SUBCOMPACT,AS8,Z,244,243.37860504150677,0.6213949584932266,567
3.0,6,SUBCOMPACT,AM7,Z,299,271.11173226132735,27.888267738672653,568
1.8,4,MID-SIZE,AS6,X,202,190.1824266514217,11.817573348578293,569
1.8,4,MID-SIZE,M6,X,180,182.0468962280855,-2.046896228085501,570
2.0,4,STATION WAGON - MID-SIZE,A6,X,212,210.9390849150849,1.0609150849151092,571
1.5,4,COMPACT,AS6,X,151,155.9724193121693,-4.972419312169308,572
1.6,4,MID-SIZE,AM7,X,189,188.30957163742684,0.690428362573158,573
2.0,4,SPECIAL PURPOSE VEHICLE,AV,X,220,217.45637345987342,2.5436265401265814,574
2.5,4,MID-SIZE,AS8,X,173,178.2515522255522,-5.251552225552189,575
6.8,8,MID-SIZE,AS8,Z,405,426.70125761275784,-21.701257612757843,576
3.0,6,MID-SIZE,AM7,Z,247,228.0904270259077,18.9095729740923,577
3.5,6,COMPACT,AS7,Z,242,202.4204487734487,39.5795512265513,578
3.0,6,MID-SIZE,A8,Z,232,231.07701434852643,0.9229856514735673,579
6.5,12,TWO-SEATER,AM7,Z,493,458.535930262548,34.46406973745201,580
3.5,6,SUV - SMALL,AV,X,251,252.40981881889402,-1.4098188188940242,581
1.4,4,MID-SIZE,M6,X,182,173.6790566823957,8.320943317604304,582
3.0,6,MID-SIZE,AS8,Z,231,262.22008313863336,-31.220083138633356,583
2.0,4,COMPACT,AS7,Z,207,204.3710295782648,2.628970421735204,584
2.0,4,MID-SIZE,AV,X,171,145.404029853492,25.595970146507995,585
2.0,4,SUV - SMALL,AS9,Z,225,236.15471420810732,-11.154714208107322,586
1.6,4,COMPACT,A9,D,172,175.13021411126527,-3.130214111265275,587
3.0,6,SUBCOMPACT,AS8,Z,229,233.7433751586588,-4.743375158658807,588
3.0,6,SUBCOMPACT,AS7,Z,259,249.3324547212047,9.667545278795302,589
2.5,4,MID-SIZE,AV7,X,185,187.52882275132268,-2.5288227513226786,590
2.0,4,MID-SIZE,A6,E,184,190.04101455026452,-6.041014550264521,591
1.6,4,COMPACT,A6,X,216,182.41530026455015,33.584699735449846,592
1.6,4,COMPACT,A9,D,175,175.13021411126527,-0.13021411126527482,593
6.3,12,FULL-SIZE,AS8,Z,344,354.9990633459678,-10.999063345967784,594
3.5,6,SUV - STANDARD,AS6,X,339,304.0733464490488,34.92665355095119,595
2.0,4,SUV - SMALL,AS8,Z,228,226.83262402182916,1.1673759781708384,596
3.5,6,SUV - STANDARD,AS6,X,333,304.0733464490488,28.926653550951187,597
4.4,8,SUV - STANDARD,AS8,Z,343,316.91114921126945,26.088850788730554,598
2.5,4,SUV - STANDARD,A6,X,239,238.85457010582002,0.14542989417998342,599
3.8,6,MINICOMPACT,M7,Z,267,258.33248727294887,8.667512727051133,600
3.0,6,COMPACT,M6,Z,271,251.40635396177487,19.59364603822513,601
3.0,6,PICKUP TRUCK - STANDARD,AS10,D,266,273.46304680069386,-7.46304680069386,602
5.0,8,MINICOMPACT,AS6,Z,315,306.29986328948854,8.700136710511458,603
1.8,4,STATION WAGON - SMALL,M5,X,192,190.26019404669412,1.7398059533058756,604
3.0,6,MINICOMPACT,M7,Z,246,250.00418848119355,-4.004188481193552,605
2.0,4,SUV - SMALL,A9,X,240,229.74537566137562,10.254624338624382,606
1.8,4,MID-SIZE,AV,X,163,143.4614085985338,19.538591401466192,607
1.8,4,COMPACT,AV,X,131,148.4939802789802,-17.49398027898019,608
3.0,6,SUV - SMALL,AS8,Z,267,274.7184343357577,-7.718434335757706,609
2.0,4,COMPACT,A6,E,162,170.5955476190477,-8.595547619047693,610
2.4,4,SUV - SMALL,AV6,X,218,209.20694778515835,8.793052214841651,611
3.6,6,SUV - STANDARD,A8,E,250,258.3838984071485,-8.383898407148479,612
3.8,8,FULL-SIZE,AS8,Z,334,320.6363121693119,13.363687830688093,613
3.0,6,FULL-SIZE,AS8,Z,276,268.2432820311867,7.756717968813291,614
4.0,8,SUBCOMPACT,A9,Z,282,284.01138359788365,-2.0113835978836505,615
5.3,8,SUV - STANDARD,A6,E,299,298.79942283975936,0.2005771602406412,616
2.0,4,MID-SIZE,AS8,Z,220,215.90930974618135,4.09069025381865,617
2.9,6,MID-SIZE,A8,Z,280,263.55457936507935,16.44542063492065,618
2.0,4,STATION WAGON - SMALL,AV6,X,191,190.72096524771518,0.2790347522848151,619
2.0,4,COMPACT,AS6,X,189,185.89784980816253,3.1021501918374668,620
5.3,8,SUV - STANDARD,A6,E,275,298.79942283975936,-23.79942283975936,621
2.0,4,COMPACT,AS7,Z,190,204.3710295782648,-14.371029578264796,622
4.4,8,SUBCOMPACT,AM7,Z,344,343.0966666666667,0.9033333333333076,623
5.0,8,PICKUP TRUCK - STANDARD,AS10,X,326,313.42982309845564,12.570176901544357,624
3.8,6,MINICOMPACT,M7,Z,255,258.33248727294887,-3.3324872729488675,625
6.2,8,PICKUP TRUCK - STANDARD,AS6,X,366,401.65768952855143,-35.65768952855143,626
5.3,8,PICKUP TRUCK - STANDARD,A6,E,280,299.16375733677717,-19.163757336777167,627
3.0,6,SUBCOMPACT,A9,Z,256,251.73954848609986,4.260451513900136,628
2.3,4,SUBCOMPACT,AS6,X,239,228.62389526214523,10.376104737854774,629
6.0,12,FULL-SIZE,AS7,Z,343,353.9405066692568,-10.94050666925682,630
3.6,6,MINIVAN,A6,E,262,271.9380307840307,-9.938030784030673,631
1.6,4,FULL-SIZE,AM7,X,207,191.2835740740741,15.716425925925904,632
5.0,8,SUV - STANDARD,AS8,Z,305,340.1512947445985,-35.15129474459849,633
5.0,8,SUBCOMPACT,AS8,Z,290,289.0546891534392,0.9453108465608011,634
2.4,4,SUV - SMALL,A9,X,223,229.14551972665842,-6.145519726658421,635
2.5,4,MID-SIZE,M6,X,189,201.800508747586,-12.800508747586008,636
4.0,8,SUBCOMPACT,A7,Z,285,288.5930952380952,-3.593095238095202,637
3.0,6,PICKUP TRUCK - STANDARD,A8,D,286,273.69034413718845,12.309655862811553,638
3.5,6,MINIVAN,AS9,X,252,252.7089761904762,-0.7089761904761929,639
4.7,8,MID-SIZE,AS7,Z,281,275.61992328042334,5.380076719576664,640
5.0,8,SUV - STANDARD,AS8,Z,347,340.1512947445985,6.848705255401512,641
2.4,4,SUV - SMALL,M6,X,260,228.98303050163352,31.01696949836648,642
2.3,4,SUBCOMPACT,M6,X,244,227.18378998234888,16.816210017651116,643
2.4,4,SUV - SMALL,A9,E,219,209.0506234321233,9.949376567876698,644
4.4,8,SUBCOMPACT,AM7,Z,338,343.0966666666667,-5.096666666666692,645
3.0,6,MID-SIZE,AS7,Z,260,254.4582603692604,5.541739630739613,646
3.3,6,PICKUP TRUCK - STANDARD,AS6,X,263,271.0614655918701,-8.061465591870103,647
5.2,10,TWO-SEATER,AM7,Z,370,348.07342186599493,21.92657813400507,648
2.0,4,COMPACT,AS8,Z,221,210.4807149831761,10.519285016823886,649
3.0,6,MID-SIZE,AS8,Z,247,262.22008313863336,-15.220083138633356,650
6.7,12,STATION WAGON - MID-SIZE,AS8,Z,386,385.1452331927331,0.8547668072669126,651
3.0,6,FULL-SIZE,AS8,Z,280,268.2432820311867,11.756717968813291,652
5.3,8,VAN - CARGO,A4,X,380,374.3475214970212,5.652478502978795,653
2.4,4,SUV - SMALL,AS6,X,247,238.57978929134174,8.42021070865826,654
3.6,6,SUV - SMALL,M6,X,294,296.4079124810376,-2.407912481037613,655
3.0,6,COMPACT,AS6,X,259,258.5797129756209,0.4202870243790926,656
2.0,4,SUV - SMALL,AS6,X,251,228.4494460340156,22.550553965984392,657
3.0,6,COMPACT,AS8,Z,228,228.61750753728688,-0.6175075372868832,658
5.3,8,SUV - STANDARD,A6,E,284,298.79942283975936,-14.799422839759359,659
5.7,8,PICKUP TRUCK - STANDARD,A8,X,319,318.01688663329605,0.9831133667039467,660
3.3,6,PICKUP TRUCK - STANDARD,AS6,X,254,271.0614655918701,-17.061465591870103,661
2.4,4,SUV - SMALL,A9,X,219,229.14551972665842,-10.14551972665842,662
5.3,8,PICKUP TRUCK - STANDARD,A6,X,298,317.1744509680365,-19.174450968036524,663
2.0,4,MID-SIZE,AS10,X,211,189.6046413365304,21.395358663469608,664
5.7,8,PICKUP TRUCK - STANDARD,A6,X,382,355.0664374745625,26.93356252543748,665
2.0,4,COMPACT,M6,Z,214,217.68434446537762,-3.6843444653776203,666
2.4,4,MID-SIZE,A4,X,225,191.7794276398982,33.22057236010181,667
5.5,8,SUV - STANDARD,AS7,Z,363,389.39999719779155,-26.39999719779155,668
1.8,4,STATION WAGON - SMALL,AV,X,194,174.32327977401286,19.67672022598714,669
2.0,4,COMPACT,AS7,E,198,173.52442063492072,24.475579365079284,670
2.0,4,STATION WAGON - SMALL,AS8,Z,232,219.02208250730294,12.97791749269706,671
4.0,8,COMPACT,A9,Z,263,290.5943431938435,-27.594343193843486,672
2.0,4,COMPACT,AS8,D,189,189.94305680430685,-0.943056804306849,673
1.5,4,COMPACT,M5,X,169,165.2487711640212,3.751228835978793,674
3.0,6,FULL-SIZE,AS8,Z,242,268.2432820311867,-26.24328203118671,675
3.5,6,PICKUP TRUCK - STANDARD,AS10,X,336,294.5866239514752,41.41337604852481,676
1.6,4,COMPACT,M6,X,197,191.49109613828736,5.508903861712639,677
3.5,6,MINIVAN,AS8,X,255,260.70053306878316,-5.700533068783159,678
4.7,8,COMPACT,AS7,Z,304,279.23998280423297,24.760017195767034,679
3.6,6,PICKUP TRUCK - STANDARD,A8,X,280,274.9034681425768,5.0965318574232015,680
2.0,4,SUBCOMPACT,AS6,X,191,192.21988235703628,-1.2198823570362833,681
4.4,8,SUBCOMPACT,AS8,Z,322,301.2558568653571,20.74414313464291,682
3.0,6,MINICOMPACT,M7,Z,258,250.00418848119355,7.995811518806448,683
2.3,4,SUBCOMPACT,M6,X,240,227.18378998234888,12.816210017651116,684
2.0,4,SUV - SMALL,AV,X,228,227.03892881192877,0.9610711880712302,685
2.4,4,SUV - SMALL,AS6,X,247,238.57978929134174,8.42021070865826,686
5.0,8,SUBCOMPACT,M6,X,312,305.44636266876387,6.553637331236132,687
3.5,6,SUV - SMALL,AV,X,250,252.40981881889402,-2.409818818894024,688
3.6,6,SUV - SMALL,M6,X,285,296.4079124810376,-11.407912481037613,689
1.8,4,SUBCOMPACT,A6,X,200,192.71363291240922,7.286367087590776,690
2.4,4,MID-SIZE,A9,X,201,195.9607010582011,5.039298941798904,691
1.6,4,SUV - SMALL,A6,D,199,198.31061971361976,0.6893802863802421,692
1.5,4,MID-SIZE,AS6,X,203,194.65978042001572,8.340219579984279,693
1.5,4,COMPACT,AV,X,110,127.43777921044098,-17.43777921044098,694
1.4,4,MID-SIZE,AM6,X,168,177.7794124394124,-9.779412439412397,695
3.0,6,MINICOMPACT,AM7,Z,228,235.74189521111384,-7.741895211113842,696
3.6,6,SUV - SMALL,A6,X,285,287.0921139344756,-2.0921139344756057,697
3.0,6,SUV - STANDARD,AS8,D,256,255.58240334991802,0.41759665008197544,698
1.8,4,MID-SIZE,M6,X,178,182.0468962280855,-4.046896228085501,699
2.7,4,PICKUP TRUCK - STANDARD,A8,X,261,268.5237783420284,-7.523778342028379,700
1.8,4,COMPACT,AS6,X,192,193.21602121367278,-1.216021213672775,701
1.6,4,COMPACT,AV,X,152,155.71659199134197,-3.7165919913419714,702
2.0,4,COMPACT,M6,Z,212,217.68434446537762,-5.68434446537762,703
2.7,6,PICKUP TRUCK - STANDARD,AS6,X,263,269.78561632566783,-6.7856163256678315,704
5.3,8,SUV - STANDARD,A6,E,317,298.79942283975936,18.20057716024064,705
3.0,6,SUV - SMALL,AS6,Z,242,240.30866065416063,1.691339345839367,706
6.2,8,SUV - STANDARD,A10,Z,325,332.14536958933184,-7.145369589331835,707
5.3,8,PICKUP TRUCK - STANDARD,A6,E,277,299.16375733677717,-22.163757336777167,708
5.8,8,SUBCOMPACT,M6,Z,304,315.34539596563286,-11.34539596563286,709
2.0,4,MID-SIZE,AS6,X,238,195.54230779746257,42.45769220253743,710
5.0,8,MID-SIZE,AS8,E,290,296.5888890346915,-6.588889034691476,711
3.5,6,PICKUP TRUCK - STANDARD,AS6,X,308,295.5915528221778,12.408447177822211,712
5.3,8,SUV - STANDARD,A6,X,305,313.21958216510285,-8.21958216510285,713
3.5,6,SUV - STANDARD,AS6,E,264,273.2491237520648,-9.249123752064804,714
2.4,4,COMPACT,AS6,X,224,215.40363891266338,8.596361087336618,715
4.0,8,MID-SIZE,AS8,Z,249,299.2418045406456,-50.2418045406456,716
2.0,4,SUV - SMALL,AV,X,177,227.03892881192877,-50.03892881192877,717
2.0,4,MID-SIZE,AS8,Z,237,215.90930974618135,21.09069025381865,718
2.5,4,MID-SIZE,AS6,X,188,184.6443353800295,3.355664619970497,719
1.6,4,MINICOMPACT,M6,Z,184,181.7095348725349,2.2904651274650973,720
1.4,4,COMPACT,M6,X,172,175.13098677874424,-3.1309867787442442,721
1.4,4,COMPACT,M6,X,167,175.13098677874424,-8.130986778744244,722
3.0,6,SUBCOMPACT,A9,Z,257,251.73954848609986,5.260451513900136,723
6.2,8,SUV - STANDARD,A6,Z,377,339.0533664021163,37.946633597883704,724
2.0,4,SUV - SMALL,AS6,X,263,228.4494460340156,34.55055396598439,725
6.5,12,TWO-SEATER,AM7,Z,412,458.535930262548,-46.53593026254799,726
2.0,4,SUBCOMPACT,A9,Z,231,221.8799024437721,9.120097556227904,727
2.0,4,COMPACT,AS8,Z,208,210.4807149831761,-2.4807149831761137,728
2.0,4,MID-SIZE,AS6,Z,246,231.6250158025524,14.374984197447588,729
4.3,6,PICKUP TRUCK - STANDARD,A6,X,294,301.26426604074715,-7.264266040747145,730
2.7,4,PICKUP TRUCK - SMALL,M5,X,271,269.13417460317464,1.8658253968253575,731
5.7,8,SUV - STANDARD,AS8,Z,372,378.41346072446095,-6.413460724460947,732
3.5,6,STATION WAGON - MID-SIZE,AS7,Z,242,243.89483414733414,-1.8948341473341372,733
3.7,6,SUBCOMPACT,AS7,Z,265,259.08722787397784,5.912772126022162,734
3.7,6,TWO-SEATER,M6,Z,279,268.8739047619047,10.126095238095274,735
3.0,6,SUV - SMALL,AS8,Z,251,274.7184343357577,-23.718434335757706,736
6.2,8,TWO-SEATER,AM7,Z,359,340.7590747167064,18.24092528329362,737
2.5,4,COMPACT,AS6,X,168,186.8829432709311,-18.882943270931094,738
2.0,4,MID-SIZE,AS8,Z,220,215.90930974618135,4.09069025381865,739
3.6,6,SUV - SMALL,A6,E,274,265.41809653491015,8.581903465089852,740
5.0,8,PICKUP TRUCK - STANDARD,AS6,X,310,327.59920295146037,-17.59920295146037,741
3.2,6,SUV - SMALL,A9,X,269,249.18221797668403,19.81778202331597,742
3.6,6,SUV - STANDARD,AS9,X,263,271.3239404761905,-8.3239404761905,743
3.5,6,SUV - STANDARD,AS10,X,311,300.91326058201076,10.086739417989236,744
2.0,4,STATION WAGON - SMALL,AV7,X,188,186.04783597883596,1.9521640211640374,745
2.0,4,FULL-SIZE,M6,Z,223,222.7273882019886,0.2726117980114111,746
4.7,8,SUV - STANDARD,A9,Z,318,342.2448742368742,-24.244874236874182,747
3.5,6,COMPACT,AS6,Z,254,255.5747120749621,-1.5747120749620933,748
2.0,4,MID-SIZE,AS6,X,210,195.54230779746257,14.45769220253743,749
3.0,6,TWO-SEATER,AS8,Z,242,249.3424834664648,-7.342483466464813,750
1.5,4,SUV - SMALL,A6,X,195,202.86685256410263,-7.866852564102629,751
2.0,4,SUV - SMALL,AS8,Z,219,226.83262402182916,-7.832624021829162,752
1.8,4,MID-SIZE,AS6,X,172,190.1824266514217,-18.182426651421707,753
6.5,12,TWO-SEATER,AM7,Z,453,458.535930262548,-5.535930262547993,754
2.7,4,SUV - SMALL,AS6,X,246,238.14065396640396,7.85934603359604,755
3.0,6,FULL-SIZE,AS8,Z,253,268.2432820311867,-15.243282031186709,756
2.0,4,SUBCOMPACT,M6,Z,210,211.9055142132738,-1.90551421327379,757
4.7,8,TWO-SEATER,AM7,Z,338,341.37685185185177,-3.376851851851768,758
2.0,4,COMPACT,AS7,X,189,190.55141387582674,-1.5514138758267393,759
2.0,4,COMPACT,AS8,D,184,189.94305680430685,-5.943056804306849,760
3.4,6,MINICOMPACT,M7,Z,255,248.73069028836875,6.2693097116312515,761
2.0,4,MID-SIZE,AM6,X,132,134.0185692733193,-2.0185692733192866,762
3.0,6,MID-SIZE,AM7,Z,224,228.0904270259077,-4.090427025907701,763
2.0,4,STATION WAGON - SMALL,M5,X,205,201.24115103415096,3.7588489658490403,764
2.0,4,SUV - SMALL,AV6,X,186,195.67666487424668,-9.676664874246683,765
6.4,8,FULL-SIZE,A8,Z,304,302.28655026455016,1.7134497354498421,766
5.3,8,SUV - STANDARD,A6,X,304,313.21958216510285,-9.21958216510285,767
1.6,4,STATION WAGON - SMALL,AS6,X,205,200.86943650793643,4.1305634920635725,768
6.0,12,SUBCOMPACT,A8,Z,327,332.5376666666666,-5.53766666666661,769
1.6,4,FULL-SIZE,AM6,X,103,100.54660858585856,2.4533914141414357,770
1.6,4,TWO-SEATER,A6,Z,179,187.64255892255898,-8.642558922558976,771
4.7,8,TWO-SEATER,M6,Z,356,358.0183011988012,-2.0183011988012254,772
5.3,8,PICKUP TRUCK - STANDARD,A10,X,296,303.16639773297305,-7.166397732973053,773
3.5,6,SUV - SMALL,AV,X,253,252.40981881889402,0.5901811811059758,774
1.6,4,COMPACT,M6,X,173,191.49109613828736,-18.49109613828736,775
1.4,4,COMPACT,AS6,X,195,172.72663260475625,22.273367395243753,776
4.3,6,PICKUP TRUCK - STANDARD,A6,X,316,301.26426604074715,14.735733959252855,777
3.6,6,MID-SIZE,AS8,Z,311,291.20277777777784,19.79722222222216,778
1.6,4,COMPACT,AS6,X,181,188.02623409352074,-7.026234093520742,779
2.0,4,SPECIAL PURPOSE VEHICLE,AS7,Z,248,237.56755339105337,10.432446608946634,780
2.0,4,COMPACT,AM6,E,166,175.74619841269842,-9.74619841269842,781
2.0,4,MID-SIZE,AM6,X,132,134.0185692733193,-2.0185692733192866,782
2.9,6,FULL-SIZE,AM8,Z,235,256.62078856328867,-21.62078856328867,783
3.5,6,SUV - STANDARD,AS6,X,298,304.0733464490488,-6.073346449048813,784
1.5,3,MINICOMPACT,M6,Z,170,177.4897976190476,-7.489797619047607,785
5.0,8,MID-SIZE,AV8,Z,262,270.8099335664336,-8.809933566433585,786
3.0,6,SUV - STANDARD,A8,D,267,268.0300740740742,-1.0300740740742071,787
2.0,4,COMPACT,AM6,D,175,181.66277949827946,-6.662779498279463,788
6.0,8,VAN - PASSENGER,A6,X,441,439.39901477605474,1.6009852239452584,789
4.0,8,MID-SIZE,AS8,Z,313,299.2418045406456,13.758195459354397,790
1.6,4,COMPACT,M6,D,170,175.1991190134863,-5.199119013486296,791
2.4,4,SUV - SMALL,A9,X,230,229.14551972665842,0.8544802733415793,792
3.7,6,MID-SIZE,M6,Z,267,257.01007205294707,9.989927947052934,793
3.0,6,SUBCOMPACT,M6,Z,256,261.71241797266896,-5.712417972668959,794
2.0,4,COMPACT,M6,Z,204,217.68434446537762,-13.68434446537762,795
3.0,6,MID-SIZE,AS8,Z,286,262.22008313863336,23.779916861366644,796
3.8,6,MINICOMPACT,AM7,Z,267,262.5422921251197,4.457707874880327,797
2.0,4,TWO-SEATER,AS6,Z,183,206.66689502164505,-23.666895021645047,798
1.5,3,MID-SIZE,AS6,Z,197,196.81812037037037,0.1818796296296341,799
5.0,8,TWO-SEATER,AS8,Z,294,305.5529979590272,-11.55299795902721,800
5.5,8,COMPACT,AS7,Z,301,307.65504960658274,-6.655049606582736,801
4.4,8,FULL-SIZE,AS8,Z,294,286.26381299832735,7.736187001672647,802
5.4,8,SUV - STANDARD,A6,E,346,350.77659317525337,-4.7765931752533675,803
6.2,8,SUV - STANDARD,A8,Z,333,345.7493587899458,-12.749358789945802,804
3.6,6,SUV - SMALL,AV6,X,246,248.73945378494759,-2.7394537849475853,805
3.5,6,FULL-SIZE,AS6,X,258,274.62147642627525,-16.62147642627525,806
2.0,4,MID-SIZE,M6,Z,227,227.0448679246879,-0.04486792468790668,807
3.0,6,MID-SIZE,AS8,D,224,216.75213742738742,7.247862572612576,808
3.5,6,SUV - SMALL,AS8,X,240,247.3801366133866,-7.380136613386611,809
2.0,4,SUBCOMPACT,AM6,X,205,207.7908113553115,-2.79081135531149,810
3.0,6,SUV - STANDARD,AS8,D,290,255.58240334991802,34.417596650081975,811
2.4,4,SUV - SMALL,A6,X,237,229.03960197017028,7.960398029829719,812
3.6,6,SUV - STANDARD,A9,X,276,267.76259800384804,8.23740199615196,813
1.4,4,SUV - SMALL,M6,X,202,199.75749407932108,2.242505920678923,814
1.6,4,MID-SIZE,AV7,Z,205,197.1882965367965,7.811703463203486,815
4.6,8,PICKUP TRUCK - STANDARD,AS6,X,349,345.177195045695,3.8228049543050133,816
2.7,4,PICKUP TRUCK - STANDARD,A8,X,275,268.5237783420284,6.476221657971621,817
5.3,8,PICKUP TRUCK - STANDARD,A6,E,286,299.16375733677717,-13.163757336777167,818
2.0,4,SPECIAL PURPOSE VEHICLE,A7,Z,251,258.5291900352733,-7.529190035273302,819
2.7,6,PICKUP TRUCK - STANDARD,AS10,X,249,261.6481427857776,-12.648142785777623,820
2.0,4,SUV - SMALL,AV8,Z,216,219.6823637566139,-3.68236375661391,821
4.0,6,PICKUP TRUCK - SMALL,A5,X,300,311.87276754345896,-11.872767543458963,822
4.0,8,MID-SIZE,AS8,Z,300,299.2418045406456,0.7581954593543969,823
2.5,4,SUV - SMALL,AS6,E,219,217.18181532679571,1.8181846732042857,824
5.5,8,STATION WAGON - MID-SIZE,AS7,Z,306,309.5297137445887,-3.529713744588719,825
3.5,6,SUV - SMALL,A6,X,253,259.3011851851852,-6.301185185185204,826
5.0,8,PICKUP TRUCK - STANDARD,AS10,X,319,313.42982309845564,5.570176901544357,827
2.5,4,TWO-SEATER,AM7,Z,230,241.62546103896122,-11.62546103896122,828
3.0,6,COMPACT,AM7,Z,290,279.0325940932706,10.967405906729425,829
6.0,8,VAN - PASSENGER,A6,X,435,439.39901477605474,-4.399014776054742,830
2.3,4,SUBCOMPACT,M6,X,252,227.18378998234888,24.816210017651116,831
2.8,4,PICKUP TRUCK - SMALL,A6,D,277,276.9540727624265,0.04592723757349404,832
3.6,6,PICKUP TRUCK - STANDARD,A8,X,290,274.9034681425768,15.096531857423201,833
2.9,6,SUV - SMALL,A8,Z,292,285.59946248196246,6.400537518037538,834
3.8,6,MINICOMPACT,AM7,Z,278,262.5422921251197,15.457707874880327,835
6.2,8,SUV - STANDARD,A6,Z,338,339.0533664021163,-1.0533664021162963,836
3.6,6,SUV - STANDARD,A6,X,315,295.6430691226585,19.356930877341483,837
3.5,6,TWO-SEATER,AM7,Z,406,389.817873015873,16.182126984127024,838
2.0,4,COMPACT,AM7,Z,177,202.22907222848252,-25.229072228482522,839
2.7,4,PICKUP TRUCK - SMALL,M5,X,235,269.13417460317464,-34.13417460317464,840
2.0,4,FULL-SIZE,AV,X,138,135.24266865079363,2.7573313492063676,841
2.4,4,SUV - SMALL,A6,X,218,229.03960197017028,-11.039601970170281,842
3.0,6,COMPACT,AM7,Z,294,279.0325940932706,14.967405906729425,843
2.0,4,TWO-SEATER,AM7,X,213,212.07038436403747,0.9296156359625343,844
4.4,8,MID-SIZE,M6,Z,315,315.6435992063493,-0.643599206349279,845
4.0,8,FULL-SIZE,AS8,Z,308,286.3302045177045,21.669795482295513,846
1.8,4,MID-SIZE,M6,X,174,182.0468962280855,-8.046896228085501,847
5.3,8,SUV - STANDARD,A6,X,325,313.21958216510285,11.78041783489715,848
2.4,4,SUV - SMALL,A9,X,222,229.14551972665842,-7.145519726658421,849
2.5,4,SPECIAL PURPOSE VEHICLE,AS6,E,240,236.61595300342358,3.3840469965764157,850
5.0,8,SUBCOMPACT,M6,X,324,305.44636266876387,18.553637331236132,851
1.8,4,MID-SIZE,A4,X,177,178.5680387648415,-1.5680387648415035,852
2.0,4,SUV - SMALL,AS6,X,231,228.4494460340156,2.550553965984392,853
2.0,4,SUV - SMALL,AS8,D,218,227.02829512871293,-9.028295128712926,854
2.5,4,COMPACT,AS6,X,211,186.8829432709311,24.117056729068906,855
6.5,12,TWO-SEATER,AM7,Z,428,458.535930262548,-30.535930262547993,856
3.5,6,SUV - SMALL,AS9,Z,259,253.28871616346615,5.711283836533852,857
3.8,6,MINICOMPACT,AM7,Z,260,262.5422921251197,-2.5422921251196726,858
4.6,8,MID-SIZE,AS8,Z,303,294.6170694798123,8.3829305201877,859
2.7,6,PICKUP TRUCK - STANDARD,AS10,X,258,261.6481427857776,-3.6481427857776225,860
2.0,4,SUV - SMALL,M6,Z,267,251.7791103896104,15.220889610389605,861
3.0,6,STATION WAGON - MID-SIZE,A9,Z,259,251.402380952381,7.597619047618991,862
2.5,4,PICKUP TRUCK - SMALL,A6,X,265,256.2786557683361,8.72134423166392,863
3.0,6,TWO-SEATER,AS8,Z,237,249.3424834664648,-12.342483466464813,864
2.0,4,SUV - SMALL,A9,Z,240,235.44695827647286,4.553041723527144,865
5.0,8,SUBCOMPACT,AS10,Z,286,293.92831360823897,-7.928313608238966,866
6.2,8,TWO-SEATER,M7,Z,318,289.92328415103424,28.076715848965762,867
6.2,8,SUV - STANDARD,A6,Z,338,339.0533664021163,-1.0533664021162963,868
3.0,6,SUV - STANDARD,AS8,Z,334,287.19566659447923,46.804333405520765,869
2.0,4,COMPACT,M6,Z,225,217.68434446537762,7.31565553462238,870
3.0,6,MID-SIZE,AS6,X,264,265.6002703647115,-1.6002703647114913,871
2.0,4,SUV - SMALL,AS8,X,273,228.33982153545765,44.660178464542355,872
2.0,4,COMPACT,M5,X,196,192.75582867578177,3.244171324218229,873
3.6,6,MID-SIZE,A5,X,258,244.14951102056992,13.850488979430082,874
3.6,6,FULL-SIZE,A8,X,237,248.61253451508296,-11.612534515082956,875
2.5,4,SUV - SMALL,AS6,X,217,213.9300703880934,3.0699296119065878,876
2.0,4,STATION WAGON - MID-SIZE,M6,X,220,211.97613212250715,8.023867877492847,877
5.6,8,PICKUP TRUCK - STANDARD,AS7,X,315,320.04739784289785,-5.047397842897851,878
5.3,8,SUV - STANDARD,A6,E,275,298.79942283975936,-23.79942283975936,879
2.5,4,MID-SIZE,AV,X,134,157.68233351780654,-23.68233351780654,880
3.0,6,SUV - STANDARD,AS8,E,277,270.72586268130016,6.274137318699843,881
5.3,8,SUV - STANDARD,A6,X,310,313.21958216510285,-3.2195821651028496,882
2.0,4,STATION WAGON - SMALL,M6,D,196,181.60713359788363,14.392866402116368,883
4.3,6,PICKUP TRUCK - STANDARD,A6,X,279,301.26426604074715,-22.264266040747145,884
5.0,8,SUBCOMPACT,AS10,X,302,299.78512902320966,2.214870976790337,885
3.6,6,SUV - SMALL,A5,X,313,307.26359139009134,5.736408609908665,886
5.3,8,PICKUP TRUCK - STANDARD,A6,E,270,299.16375733677717,-29.163757336777167,887
6.2,8,TWO-SEATER,AS7,Z,361,364.5999814814817,-3.5999814814816773,888
3.7,6,FULL-SIZE,AS6,X,258,277.27996275021275,-19.279962750212746,889
1.6,4,COMPACT,AS6,Z,200,208.56422522190292,-8.564225221902916,890
5.3,8,SUV - STANDARD,A6,E,275,298.79942283975936,-23.79942283975936,891
2.4,4,SUV - SMALL,M6,X,221,228.98303050163352,-7.983030501633522,892
4.0,8,MID-SIZE,AS8,Z,313,299.2418045406456,13.758195459354397,893
1.4,4,MID-SIZE,AS6,X,191,178.3460661435515,12.653933856448504,894
3.0,6,MID-SIZE,AS10,Z,256,268.4872266455061,-12.487226645506098,895
3.4,6,TWO-SEATER,M6,Z,239,246.03463918488933,-7.034639184889329,896
4.8,8,VAN - PASSENGER,A6,X,414,416.01635725385717,-2.0163572538571657,897
5.0,8,MINICOMPACT,AS6,Z,313,306.29986328948854,6.700136710511458,898
4.4,8,SUBCOMPACT,AS8,Z,292,301.2558568653571,-9.255856865357089,899
1.5,3,MINICOMPACT,M6,Z,174,177.4897976190476,-3.489797619047607,900
5.5,8,SUV - STANDARD,A7,Z,419,363.2009467291968,55.7990532708032,901
2.4,4,MID-SIZE,A9,X,196,195.9607010582011,0.03929894179890425,902
2.0,4,SUV - SMALL,A8,X,245,243.21681857401865,1.783181425981354,903
1.6,4,SUBCOMPACT,M5,X,182,179.65440476190477,2.3455952380952283,904
3.5,6,MID-SIZE,AS6,Z,253,248.22493570318568,4.775064296814321,905
3.5,6,PICKUP TRUCK - STANDARD,AS10,X,304,294.5866239514752,9.41337604852481,906
2.0,4,COMPACT,AS8,Z,218,210.4807149831761,7.519285016823886,907
3.8,8,SUV - STANDARD,AS8,Z,360,351.60622222222224,8.393777777777757,908
2.5,4,SUV - SMALL,AS6,X,221,213.9300703880934,7.069929611906588,909
4.8,8,FULL-SIZE,AM7,Z,300,296.74787150349636,3.2521284965036443,910
6.4,8,FULL-SIZE,A8,Z,302,302.28655026455016,-0.28655026455015786,911
1.4,4,MINICOMPACT,M5,X,179,175.40998631554615,3.590013684453851,912
3.2,6,SUV - SMALL,A9,X,234,249.18221797668403,-15.18221797668403,913
1.2,4,SUBCOMPACT,AV,X,161,157.06481794131795,3.935182058682045,914
3.0,6,TWO-SEATER,AS8,Z,244,249.3424834664648,-5.342483466464813,915
4.0,8,COMPACT,AS7,Z,273,270.36508730158727,2.634912698412734,916
2.0,4,SUV - SMALL,M5,X,202,212.7634731041408,-10.763473104140786,917
2.5,4,SUV - SMALL,AS6,X,216,213.9300703880934,2.0699296119065878,918
2.0,4,MID-SIZE,AS8,Z,223,215.90930974618135,7.09069025381865,919
3.0,6,PICKUP TRUCK - STANDARD,A8,D,265,273.69034413718845,-8.690344137188447,920
5.7,8,SUV - STANDARD,A8,X,340,331.36505262827114,8.634947371728856,921
2.4,4,STATION WAGON - SMALL,M5,X,225,225.46596793049,-0.4659679304899953,922
1.5,3,MID-SIZE,AS8,Z,212,203.0024568302068,8.997543169793204,923
5.0,8,FULL-SIZE,AS8,Z,317,312.1694510462927,4.830548953707307,924
1.4,4,COMPACT,AS6,X,184,172.72663260475625,11.273367395243753,925
2.7,4,PICKUP TRUCK - STANDARD,A8,X,275,268.5237783420284,6.476221657971621,926
3.6,6,SUV - STANDARD,A8,X,265,267.13670129870127,-2.1367012987012686,927
6.2,8,SUV - STANDARD,A8,Z,331,345.7493587899458,-14.749358789945802,928
1.8,4,COMPACT,M6,X,165,193.16916246289338,-28.169162462893382,929
3.6,6,FULL-SIZE,AS6,X,255,261.00301848097433,-6.003018480974333,930
3.0,6,TWO-SEATER,AS8,Z,265,249.3424834664648,15.657516533535187,931
2.0,4,SUBCOMPACT,AS8,Z,205,212.43851666546695,-7.438516665466949,932
8.0,16,TWO-SEATER,AM7,Z,522,492.3648766696267,29.63512333037329,933
2.5,4,SUV - STANDARD,A9,X,238,233.45524966972027,4.544750330279726,934
2.7,4,PICKUP TRUCK - SMALL,A4,X,258,269.58176587301574,-11.58176587301574,935
3.0,6,SUV - STANDARD,A9,Z,281,291.78538662318084,-10.785386623180841,936
4.4,8,COMPACT,M6,Z,315,318.3641693121692,-3.364169312169224,937
1.6,4,COMPACT,M6,X,175,191.49109613828736,-16.49109613828736,938
5.3,8,SUV - STANDARD,A6,E,284,298.79942283975936,-14.799422839759359,939
5.5,8,TWO-SEATER,A7,Z,303,274.9173880297261,28.082611970273888,940
2.0,4,MID-SIZE,M6,X,198,187.74070864914853,10.25929135085147,941
2.0,4,STATION WAGON - SMALL,AV6,X,175,190.72096524771518,-15.720965247715185,942
2.0,4,SUV - SMALL,AS10,Z,232,240.73503202552408,-8.735032025524077,943
2.0,4,SUBCOMPACT,AS8,Z,209,212.43851666546695,-3.438516665466949,944
1.5,3,MINICOMPACT,AS6,Z,181,183.89140927128423,-2.891409271284232,945
6.2,8,SUBCOMPACT,AS10,Z,282,340.4823190235691,-58.48231902356912,946
3.6,6,SUV - SMALL,A5,X,294,307.26359139009134,-13.263591390091335,947
5.3,8,SUV - STANDARD,A6,E,284,298.79942283975936,-14.799422839759359,948
2.4,4,MID-SIZE,A6,X,198,215.21244179894188,-17.21244179894188,949
3.5,6,SUV - SMALL,AS8,X,268,247.3801366133866,20.61986338661339,950
1.6,4,MID-SIZE,AV7,Z,193,197.1882965367965,-4.188296536796514,951
3.5,6,SUV - STANDARD,AV6,X,195,193.5760773855773,1.4239226144227075,952
2.0,4,SUV - SMALL,AS8,Z,217,226.83262402182916,-9.832624021829162,953
5.0,8,SUBCOMPACT,AS10,X,289,299.78512902320966,-10.785129023209663,954
2.0,4,SUV - SMALL,AS7,Z,212,210.15883268733847,1.8411673126615256,955
2.0,4,MID-SIZE,AS6,Z,228,231.6250158025524,-3.6250158025524115,956
3.2,6,SUV - SMALL,A9,X,228,249.18221797668403,-21.18221797668403,957
5.0,8,SUBCOMPACT,M6,X,307,305.44636266876387,1.553637331236132,958
6.4,8,FULL-SIZE,A5,Z,317,316.20684175084176,0.793158249158239,959
4.3,6,PICKUP TRUCK - STANDARD,A6,X,271,301.26426604074715,-30.264266040747145,960
1.6,4,COMPACT,M6,X,177,191.49109613828736,-14.49109613828736,961
3.5,6,SUV - SMALL,AV7,Z,232,250.03272413479786,-18.03272413479786,962
6.2,8,TWO-SEATER,AS8,Z,381,304.59636443385483,76.40363556614517,963
1.6,4,FULL-SIZE,AS6,X,223,216.21652258852254,6.783477411477463,964
1.6,4,SUBCOMPACT,A6,Z,191,185.5340984848485,5.465901515151501,965
6.0,12,MID-SIZE,AM8,Z,373,365.5616457431458,7.438354256854211,966
3.0,6,STATION WAGON - SMALL,AS6,X,259,255.26835004810016,3.73164995189984,967
3.5,6,PICKUP TRUCK - SMALL,AS6,X,280,275.8449894179895,4.1550105820105045,968
5.3,8,SUV - STANDARD,A6,X,292,313.21958216510285,-21.21958216510285,969
3.2,6,SUV - SMALL,A9,X,240,249.18221797668403,-9.18221797668403,970
3.6,6,FULL-SIZE,A8,E,248,234.70196822017573,13.29803177982427,971
1.6,4,MINICOMPACT,A6,Z,191,184.68530230880233,6.314697691197665,972
1.5,4,SUV - SMALL,AV8,X,216,211.4404271284271,4.559572871572897,973
2.0,4,SPECIAL PURPOSE VEHICLE,AS7,Z,240,237.56755339105337,2.432446608946634,974
2.0,4,SUV - SMALL,M5,X,202,212.7634731041408,-10.763473104140786,975
3.7,6,SUBCOMPACT,M6,Z,267,278.7413537717072,-11.741353771707224,976
3.6,6,MID-SIZE,AM6,X,246,242.2832116402117,3.7167883597882962,977
3.0,6,COMPACT,AS8,Z,230,228.61750753728688,1.3824924627131168,978
1.5,3,MID-SIZE,AS8,Z,212,203.0024568302068,8.997543169793204,979
2.0,4,COMPACT,AS8,Z,241,210.4807149831761,30.519285016823886,980
1.6,4,FULL-SIZE,M6,X,218,212.7153420103288,5.284657989671189,981
3.0,6,COMPACT,M6,Z,257,251.40635396177487,5.593646038225131,982
3.0,6,COMPACT,AS8,Z,233,228.61750753728688,4.382492462713117,983
2.0,4,FULL-SIZE,AS6,X,199,213.42686224013306,-14.426862240133062,984
3.0,6,SUV - STANDARD,AS8,Z,330,287.19566659447923,42.804333405520765,985
2.0,4,MID-SIZE,AV,X,126,145.404029853492,-19.404029853492005,986
5.5,8,SUV - STANDARD,AS7,Z,413,389.39999719779155,23.60000280220845,987
6.2,8,MID-SIZE,A8,Z,339,342.94745163170177,-3.9474516317017674,988
2.0,4,MID-SIZE,AS8,Z,213,215.90930974618135,-2.90930974618135,989
3.5,6,SUV - SMALL,AS9,Z,254,253.28871616346615,0.7112838365338519,990
3.6,6,SUV - SMALL,M6,X,308,296.4079124810376,11.592087518962387,991
3.0,6,SUV - SMALL,AS8,Z,260,274.7184343357577,-14.718434335757706,992
2.5,4,SPECIAL PURPOSE VEHICLE,AS6,E,241,236.61595300342358,4.384046996576416,993
2.0,4,MID-SIZE,AS6,X,194,195.54230779746257,-1.5423077974625699,994
1.6,4,MID-SIZE,M6,Z,195,201.0477560190355,-6.047756019035489,995
2.0,4,MID-SIZE,M6,D,182,187.2750506966003,-5.275050696600289,996
4.6,8,MID-SIZE,AS8,Z,297,294.6170694798123,2.382930520187699,997
2.7,4,PICKUP TRUCK - STANDARD,A8,X,280,268.5237783420284,11.476221657971621,998
2.4,4,SUV - SMALL,AS6,X,220,238.57978929134174,-18.57978929134174,999
2.5,4,TWO-SEATER,AM7,Z,230,241.62546103896122,-11.62546103896122,1000
6.8,10,VAN - PASSENGER,A5,X,488,400.13458172425226,87.86541827574774,1001
3.7,6,SUBCOMPACT,M6,X,258,260.46932936507943,-2.4693293650794317,1002
1.8,4,TWO-SEATER,AM6,Z,197,196.25472893772894,0.7452710622710583,1003
2.0,4,SUBCOMPACT,AM7,Z,184,205.6842903519851,-21.684290351985112,1004
5.0,8,PICKUP TRUCK - STANDARD,AS6,X,336,327.59920295146037,8.40079704853963,1005
5.2,10,TWO-SEATER,AM7,Z,349,348.07342186599493,0.9265781340050694,1006
2.0,4,MID-SIZE,AS7,Z,179,217.29865201465188,-38.29865201465188,1007
2.5,4,COMPACT,M6,Z,285,290.1643031064798,-5.164303106479792,1008
2.0,4,FULL-SIZE,AS6,X,209,213.42686224013306,-4.426862240133062,1009
2.0,4,SUV - SMALL,AS8,X,262,228.33982153545765,33.660178464542355,1010
2.0,4,MID-SIZE,AV,X,115,145.404029853492,-30.404029853492005,1011
6.2,8,TWO-SEATER,M7,Z,258,289.92328415103424,-31.923284151034238,1012
3.8,6,MINICOMPACT,AM7,Z,244,262.5422921251197,-18.542292125119673,1013
1.4,4,STATION WAGON - SMALL,AS6,X,184,190.87286691086695,-6.8728669108669465,1014
6.2,8,PICKUP TRUCK - STANDARD,A8,Z,331,326.45296284259814,4.54703715740186,1015
2.0,4,SUBCOMPACT,AS8,Z,222,212.43851666546695,9.561483334533051,1016
1.6,4,COMPACT,M5,X,186,181.4569942187442,4.5430057812558005,1017
1.8,4,STATION WAGON - MID-SIZE,AV,X,126,132.78738131342973,-6.787381313429734,1018
3.8,6,PICKUP TRUCK - STANDARD,AS9,X,273,287.22785858585854,-14.227858585858542,1019
3.5,6,MID-SIZE,AS6,X,224,222.46872845032917,1.5312715496708336,1020
4.4,8,COMPACT,AM7,Z,338,342.2233659948441,-4.223365994844073,1021
4.4,8,COMPACT,AS8,Z,294,286.28489769190486,7.71510230809514,1022
3.0,6,FULL-SIZE,A8,Z,246,235.14143801370514,10.858561986294859,1023
3.6,6,PICKUP TRUCK - STANDARD,A8,E,300,285.2522178192179,14.74778218078211,1024
3.5,6,SUV - STANDARD,AS10,X,315,300.91326058201076,14.086739417989236,1025
1.6,4,COMPACT,AS6,Z,207,208.56422522190292,-1.564225221902916,1026
3.5,6,FULL-SIZE,AS6,E,271,253.9656875855626,17.03431241443741,1027
2.0,4,COMPACT,AV8,Z,212,243.71388227513225,-31.71388227513225,1028
1.5,4,TWO-SEATER,M6,X,169,164.77719913419915,4.222800865800849,1029
2.5,4,MID-SIZE,AV6,X,182,132.86120419395422,49.13879580604578,1030
3.0,6,MID-SIZE,A9,Z,255,246.1057601010101,8.894239898989895,1031
2.0,4,TWO-SEATER,A8,Z,209,210.3745311142533,-1.3745311142533012,1032
2.0,4,COMPACT,AS8,Z,222,210.4807149831761,11.519285016823886,1033
3.0,6,FULL-SIZE,AM8,Z,250,239.32607407407394,10.673925925926056,1034
3.0,6,COMPACT,AM7,Z,280,279.0325940932706,0.9674059067294252,1035
4.7,8,COMPACT,AS7,Z,283,279.23998280423297,3.760017195767034,1036
2.5,4,MID-SIZE,AS6,X,208,184.6443353800295,23.355664619970497,1037
3.0,6,COMPACT,AS6,X,258,258.5797129756209,-0.5797129756209074,1038
2.0,4,SUV - SMALL,AS6,X,237,228.4494460340156,8.550553965984392,1039
1.6,4,TWO-SEATER,M6,Z,184,181.61022568597838,2.389774314021622,1040
6.0,12,FULL-SIZE,AS7,Z,350,353.9405066692568,-3.94050666925682,1041
3.4,6,MINICOMPACT,AM7,Z,232,239.40105735849463,-7.401057358494626,1042
3.0,6,FULL-SIZE,AS8,Z,279,268.2432820311867,10.756717968813291,1043
3.0,6,TWO-SEATER,A9,Z,241,236.8067340067341,4.193265993265896,1044
1.6,4,MINICOMPACT,M6,Z,184,181.7095348725349,2.2904651274650973,1045
3.5,6,SUV - SMALL,AS6,X,264,263.69205962063353,0.307940379366471,1046
3.8,6,MINICOMPACT,M7,Z,265,258.33248727294887,6.6675127270511325,1047
3.6,6,MID-SIZE,AS6,X,264,264.74681919006923,-0.7468191900692318,1048
5.0,8,PICKUP TRUCK - STANDARD,A6,E,315,310.9586946015103,4.041305398489726,1049
5.7,8,PICKUP TRUCK - STANDARD,A6,X,354,355.0664374745625,-1.0664374745625196,1050
2.0,4,MID-SIZE,AS6,X,132,195.54230779746257,-63.54230779746257,1051
4.4,8,COMPACT,M6,Z,317,318.3641693121692,-1.3641693121692242,1052
3.6,6,SUV - SMALL,A8,X,274,272.8733981573982,1.126601842601815,1053
5.0,8,SUBCOMPACT,A6,X,264,312.0909250275395,-48.09092502753953,1054
1.6,4,MID-SIZE,M5,X,179,181.32885714285715,-2.328857142857146,1055
2.0,4,COMPACT,AS6,X,193,185.89784980816253,7.102150191837467,1056
2.3,4,PICKUP TRUCK - STANDARD,AS10,X,256,236.19204662962127,19.807953370378726,1057
3.5,6,SUV - STANDARD,AS8,X,247,247.2156762866761,-0.21567628667611416,1058
5.3,8,SUV - STANDARD,A6,E,285,298.79942283975936,-13.799422839759359,1059
3.0,6,FULL-SIZE,AS8,Z,285,268.2432820311867,16.75671796881329,1060
6.2,8,PICKUP TRUCK - STANDARD,A8,Z,330,326.45296284259814,3.54703715740186,1061
2.0,4,SUV - SMALL,AS6,X,261,228.4494460340156,32.55055396598439,1062
3.5,6,PICKUP TRUCK - STANDARD,A6,E,269,265.6713100048101,3.3286899951899045,1063
3.0,6,MINICOMPACT,AM7,Z,227,235.74189521111384,-8.741895211113842,1064
2.5,4,SUV - SMALL,A9,X,238,226.83282389489065,11.167176105109348,1065
4.3,6,PICKUP TRUCK - STANDARD,A6,X,278,301.26426604074715,-23.264266040747145,1066
2.0,4,SUV - SMALL,AS8,X,221,228.33982153545765,-7.339821535457645,1067
3.5,6,COMPACT,AS9,Z,240,225.47269997594995,14.52730002405005,1068
1.4,4,SUV - SMALL,AS6,X,214,200.9495181988683,13.050481801131696,1069
4.3,6,PICKUP TRUCK - STANDARD,A6,E,294,285.34343655354564,8.656563446454356,1070
2.0,4,COMPACT,A9,Z,219,210.81331331683523,8.186686683164766,1071
4.4,8,FULL-SIZE,AS8,Z,294,286.26381299832735,7.736187001672647,1072
2.0,4,SUV - SMALL,AS6,X,266,228.4494460340156,37.55055396598439,1073
3.6,6,FULL-SIZE,A8,X,257,248.61253451508296,8.387465484917044,1074
2.0,4,COMPACT,AS8,Z,219,210.4807149831761,8.519285016823886,1075
3.6,6,MID-SIZE,A9,X,241,244.71166748066753,-3.711667480667529,1076
3.0,6,SUV - SMALL,AS8,Z,277,274.7184343357577,2.2815656642422937,1077
1.5,3,SUBCOMPACT,AS6,Z,184,180.65919157725656,3.340808422743436,1078
3.0,6,PICKUP TRUCK - STANDARD,A10,D,245,255.10846387871396,-10.108463878713962,1079
2.0,4,MID-SIZE,AS6,X,216,195.54230779746257,20.45769220253743,1080
2.4,4,SUV - SMALL,A4,X,261,254.33829886633777,6.661701133662234,1081
3.0,6,SUV - STANDARD,AS8,Z,283,287.19566659447923,-4.195666594479235,1082
5.3,8,PICKUP TRUCK - STANDARD,A8,X,320,305.08018342068425,14.91981657931575,1083
4.6,8,SUV - STANDARD,AS6,Z,337,326.49256170922484,10.507438290775156,1084
4.0,6,SUV - STANDARD,AS5,X,308,303.11742309098423,4.882576909015768,1085
3.5,6,SUV - STANDARD,AS6,X,321,304.0733464490488,16.926653550951187,1086
2.0,4,SUV - SMALL,AS8,Z,232,226.83262402182916,5.167375978170838,1087
6.4,8,SUV - STANDARD,A8,Z,363,366.3670585895586,-3.36705858955861,1088
5.2,10,TWO-SEATER,AM7,Z,366,348.07342186599493,17.92657813400507,1089
2.5,4,MID-SIZE,AS8,X,172,178.2515522255522,-6.251552225552189,1090
2.5,4,PICKUP TRUCK - SMALL,M6,X,253,251.30118654656894,1.6988134534310575,1091
2.5,4,MID-SIZE,AV,X,176,157.68233351780654,18.31766648219346,1092
2.0,4,SUV - STANDARD,AS8,Z,232,241.20907869418167,-9.20907869418167,1093
1.6,4,MID-SIZE,M6,D,180,192.6375746055651,-12.637574605565106,1094
2.0,4,SUV - SMALL,AS6,X,196,228.4494460340156,-32.44944603401561,1095
3.0,6,COMPACT,AM7,Z,290,279.0325940932706,10.967405906729425,1096
2.5,4,SPECIAL PURPOSE VEHICLE,AS6,X,253,243.9042462444984,9.09575375550159,1097
1.6,4,MID-SIZE,M6,X,214,208.41469485203405,5.585305147965954,1098
3.0,6,MINICOMPACT,AM7,Z,230,235.74189521111384,-5.741895211113842,1099
2.4,4,FULL-SIZE,AS6,X,193,196.84575000746017,-3.8457500074601683,1100
5.0,8,PICKUP TRUCK - STANDARD,AS10,X,334,313.42982309845564,20.570176901544357,1101
6.5,12,TWO-SEATER,AM7,Z,423,458.535930262548,-35.53593026254799,1102
2.0,4,SUV - SMALL,AV6,X,206,195.67666487424668,10.323335125753317,1103
4.4,8,FULL-SIZE,A8,Z,292,292.034,-0.033999999999991815,1104
2.0,4,TWO-SEATER,AM7,X,213,212.07038436403747,0.9296156359625343,1105
1.5,4,COMPACT,M6,X,159,161.60212289562284,-2.6021228956228413,1106
3.0,6,COMPACT,AS8,Z,216,228.61750753728688,-12.617507537286883,1107
2.4,4,SUV - SMALL,M5,X,223,219.76960247833424,3.2303975216657648,1108
5.2,10,TWO-SEATER,AM7,Z,338,348.07342186599493,-10.07342186599493,1109
2.0,4,COMPACT,M6,D,178,188.9136075087797,-10.913607508779705,1110
4.7,8,SUBCOMPACT,AS6,Z,358,353.6525717523217,4.347428247678295,1111
3.6,6,MID-SIZE,AS8,X,246,238.35359641339073,7.646403586609267,1112
3.0,6,MID-SIZE,AS8,D,212,216.75213742738742,-4.752137427387424,1113
2.4,4,COMPACT,M6,Z,216,220.8810861821683,-4.881086182168303,1114
3.0,6,MINICOMPACT,M7,Z,242,250.00418848119355,-8.004188481193552,1115
3.0,6,COMPACT,AM7,Z,284,279.0325940932706,4.967405906729425,1116
3.0,6,MINICOMPACT,AM7,Z,250,235.74189521111384,14.258104788886158,1117
6.2,8,PICKUP TRUCK - STANDARD,A8,Z,332,326.45296284259814,5.54703715740186,1118
5.0,8,FULL-SIZE,AS8,Z,332,312.1694510462927,19.830548953707307,1119
1.6,4,TWO-SEATER,AS6,Z,177,183.59685805860815,-6.596858058608149,1120
4.4,8,COMPACT,A8,Z,281,289.5389965867466,-8.538996586746578,1121
3.0,6,MID-SIZE,AS8,Z,262,262.22008313863336,-0.22008313863335616,1122
5.2,10,TWO-SEATER,AM7,Z,340,348.07342186599493,-8.07342186599493,1123
4.8,8,VAN - PASSENGER,A6,X,416,416.01635725385717,-0.016357253857165688,1124
4.7,8,MID-SIZE,AS7,Z,267,275.61992328042334,-8.619923280423336,1125
2.4,4,SUV - SMALL,AV,X,255,224.45675898828856,30.543241011711444,1126
2.0,4,MID-SIZE,AS8,Z,209,215.90930974618135,-6.90930974618135,1127
3.0,6,COMPACT,AS7,Z,231,239.81306289081272,-8.813062890812716,1128
3.6,6,MID-SIZE,AS8,X,269,238.35359641339073,30.646403586609267,1129
3.0,6,TWO-SEATER,AS8,Z,244,249.3424834664648,-5.342483466464813,1130
4.4,8,FULL-SIZE,AS8,Z,282,286.26381299832735,-4.263812998327353,1131
2.0,4,SUV - SMALL,AS8,Z,210,226.83262402182916,-16.83262402182916,1132
2.7,4,PICKUP TRUCK - STANDARD,A8,X,280,268.5237783420284,11.476221657971621,1133
4.0,8,COMPACT,AM8,Z,291,281.3554167869169,9.64458321308308,1134
1.5,4,MID-SIZE,AV,X,115,149.0877344877344,-34.087734487734394,1135
2.3,4,SUV - SMALL,AS8,X,230,239.9572977022976,-9.957297702297609,1136
5.3,8,PICKUP TRUCK - STANDARD,A6,X,298,317.1744509680365,-19.174450968036524,1137
1.4,4,COMPACT,M6,X,175,175.13098677874424,-0.13098677874424425,1138
3.0,6,MID-SIZE,AS7,Z,239,254.4582603692604,-15.458260369260387,1139
3.0,6,SUBCOMPACT,M6,Z,246,261.71241797266896,-15.712417972668959,1140
2.9,6,MID-SIZE,A8,Z,271,263.55457936507935,7.4454206349206515,1141
5.3,8,SUV - STANDARD,A6,X,325,313.21958216510285,11.78041783489715,1142
6.2,8,COMPACT,M6,Z,292,318.5660396825397,-26.566039682539724,1143
3.6,6,MINIVAN,A9,X,259,252.6321825396826,6.367817460317411,1144
1.5,3,STATION WAGON - SMALL,M6,Z,214,203.79566173641174,10.204338263588255,1145
3.0,6,FULL-SIZE,A8,Z,232,235.14143801370514,-3.141438013705141,1146
2.5,4,COMPACT,AS6,X,181,186.8829432709311,-5.882943270931094,1147
3.6,6,FULL-SIZE,A8,E,248,234.70196822017573,13.29803177982427,1148
3.0,6,PICKUP TRUCK - STANDARD,AS10,D,287,273.46304680069386,13.53695319930614,1149
3.5,6,MINIVAN,A6,X,276,248.79694047619046,27.203059523809543,1150
4.0,8,SUBCOMPACT,AS8,Z,314,329.3757753265253,-15.375775326525286,1151
3.8,6,MINICOMPACT,AM7,Z,274,262.5422921251197,11.457707874880327,1152
5.7,8,MID-SIZE,A8,X,289,287.34907215007223,1.6509278499277684,1153
2.3,4,SUBCOMPACT,AS10,X,243,235.41975998075995,7.580240019240051,1154
2.5,4,MID-SIZE,AV6,X,194,132.86120419395422,61.13879580604578,1155
3.0,6,SUBCOMPACT,AM8,Z,239,240.15902988776918,-1.1590298877691794,1156
2.5,4,MID-SIZE,AV,X,121,157.68233351780654,-36.68233351780654,1157
2.0,4,MINICOMPACT,AS6,Z,196,197.4083288358098,-1.4083288358098116,1158
3.8,6,MINICOMPACT,AM7,Z,253,262.5422921251197,-9.542292125119673,1159
1.4,4,MINICOMPACT,M5,X,186,175.40998631554615,10.59001368445385,1160
2.4,4,MID-SIZE,A4,X,225,191.7794276398982,33.22057236010181,1161
3.0,6,TWO-SEATER,AS8,Z,254,249.3424834664648,4.657516533535187,1162
5.3,8,VAN - PASSENGER,A4,X,380,381.88201984126977,-1.8820198412697664,1163
3.0,6,FULL-SIZE,AM8,Z,253,239.32607407407394,13.673925925926056,1164
3.0,6,COMPACT,AS8,Z,230,228.61750753728688,1.3824924627131168,1165
5.3,8,PICKUP TRUCK - STANDARD,A10,X,307,303.16639773297305,3.833602267026947,1166
3.0,6,SUBCOMPACT,AS8,Z,222,233.7433751586588,-11.743375158658807,1167
3.6,6,SUV - SMALL,A6,X,284,287.0921139344756,-3.0921139344756057,1168
2.3,4,SUBCOMPACT,M6,X,240,227.18378998234888,12.816210017651116,1169
3.5,6,SUV - STANDARD,AS6,X,288,304.0733464490488,-16.073346449048813,1170
2.0,4,MID-SIZE,AS6,X,210,195.54230779746257,14.45769220253743,1171
2.0,4,COMPACT,AS6,X,183,185.89784980816253,-2.8978498081625332,1172
1.8,4,STATION WAGON - SMALL,AV,X,193,174.32327977401286,18.67672022598714,1173
3.3,6,PICKUP TRUCK - STANDARD,AS6,E,263,253.93043449289482,9.069565507105182,1174
2.0,4,SUBCOMPACT,AM7,X,182,211.82080654530654,-29.82080654530654,1175
3.0,6,TWO-SEATER,M6,Z,296,296.2087528217968,-0.2087528217967929,1176
2.0,4,STATION WAGON - MID-SIZE,AS8,Z,219,218.34254800292297,0.6574519970770325,1177
3.5,6,FULL-SIZE,AS6,X,291,274.62147642627525,16.37852357372475,1178
3.6,6,PICKUP TRUCK - SMALL,A8,X,274,288.59711044117904,-14.59711044117904,1179
1.6,4,STATION WAGON - SMALL,AM6,X,110,119.92730461205466,-9.927304612054655,1180
1.5,4,FULL-SIZE,M6,Z,167,168.18005952380952,-1.1800595238095184,1181
3.6,6,FULL-SIZE,AS6,E,245,237.20513419913442,7.79486580086558,1182
3.6,6,MID-SIZE,AS6,N,213,260.15857460594947,-47.15857460594947,1183
2.0,4,MID-SIZE,AV,X,131,145.404029853492,-14.404029853492005,1184
2.0,4,MID-SIZE,AS6,Z,246,231.6250158025524,14.374984197447588,1185
3.6,6,COMPACT,A6,Z,283,278.32916502463064,4.67083497536936,1186
5.7,8,PICKUP TRUCK - STANDARD,A8,X,313,318.01688663329605,-5.016886633296053,1187
2.0,4,MID-SIZE,AS6,X,242,195.54230779746257,46.45769220253743,1188
5.3,8,SUV - STANDARD,A6,X,313,313.21958216510285,-0.21958216510284956,1189
3.7,6,SUV - SMALL,AS7,Z,301,293.9582808990527,7.041719100947319,1190
2.0,4,COMPACT,AS8,X,198,205.14802988677988,-7.148029886779881,1191
1.6,4,COMPACT,AS6,X,177,188.02623409352074,-11.026234093520742,1192
6.2,8,TWO-SEATER,M7,Z,368,289.92328415103424,78.07671584896576,1193
3.0,6,MINICOMPACT,AM7,Z,226,235.74189521111384,-9.741895211113842,1194
3.5,6,SUBCOMPACT,AS7,Z,239,237.72690897065888,1.273091029341117,1195
3.0,6,FULL-SIZE,AS8,Z,288,268.2432820311867,19.75671796881329,1196
2.0,4,MID-SIZE,AS6,X,191,195.54230779746257,-4.54230779746257,1197
3.0,6,SUV - STANDARD,AS8,D,235,255.58240334991802,-20.582403349918025,1198
3.5,6,SUV - SMALL,AS6,X,271,263.69205962063353,7.307940379366471,1199
2.0,4,SUV - SMALL,AS8,D,211,227.02829512871293,-16.028295128712926,1200
2.0,4,COMPACT,M6,Z,212,217.68434446537762,-5.68434446537762,1201
5.0,8,PICKUP TRUCK - STANDARD,AS10,X,292,313.42982309845564,-21.429823098455643,1202
3.4,6,MID-SIZE,AS10,Z,240,260.5072420634921,-20.507242063492072,1203
1.5,4,COMPACT,A4,X,173,169.70157804232815,3.2984219576718488,1204
5.3,8,SUV - STANDARD,A6,X,317,313.21958216510285,3.7804178348971504,1205
2.0,4,SUV - STANDARD,AS8,Z,249,241.20907869418167,7.79092130581833,1206
6.2,8,TWO-SEATER,M7,Z,312,289.92328415103424,22.076715848965762,1207
2.0,4,COMPACT,AS6,Z,241,234.16396054125033,6.836039458749667,1208
6.0,12,MINICOMPACT,A8,Z,346,344.20207214082205,1.7979278591779462,1209
3.6,6,MINIVAN,A9,X,249,252.6321825396826,-3.6321825396825886,1210
2.5,4,SUV - SMALL,AV6,X,169,181.5665079860307,-12.5665079860307,1211
3.0,6,SUV - STANDARD,A8,D,277,268.0300740740742,8.969925925925793,1212
5.7,8,PICKUP TRUCK - STANDARD,AS6,X,371,370.2001439650962,0.7998560349038257,1213
1.4,4,COMPACT,AS6,X,191,172.72663260475625,18.273367395243753,1214
3.0,6,COMPACT,AM7,Z,278,279.0325940932706,-1.0325940932705748,1215
3.0,6,SUV - STANDARD,AS10,X,280,270.68844098494105,9.311559015058947,1216
1.4,4,MINICOMPACT,A6,X,200,193.05565920371325,6.9443407962867525,1217
4.0,8,MID-SIZE,AS8,Z,281,299.2418045406456,-18.241804540645603,1218
2.0,4,SUV - STANDARD,AS8,Z,258,241.20907869418167,16.79092130581833,1219
6.2,8,COMPACT,M6,Z,338,318.5660396825397,19.433960317460276,1220
3.0,6,COMPACT,M6,Z,285,251.40635396177487,33.59364603822513,1221
5.2,10,TWO-SEATER,AM7,Z,370,348.07342186599493,21.92657813400507,1222
3.6,6,MINIVAN,A6,E,269,271.9380307840307,-2.9380307840306727,1223
2.0,4,SUBCOMPACT,AS8,Z,193,212.43851666546695,-19.43851666546695,1224
2.4,4,SUV - SMALL,AV,X,259,224.45675898828856,34.543241011711444,1225
5.3,8,SUV - STANDARD,A6,E,321,298.79942283975936,22.20057716024064,1226
3.0,6,COMPACT,AS8,Z,221,228.61750753728688,-7.617507537286883,1227
4.0,8,TWO-SEATER,AM7,Z,304,314.85219142322825,-10.852191423228248,1228
2.0,4,MINICOMPACT,M6,Z,203,223.02700288861965,-20.02700288861965,1229
2.5,4,COMPACT,M6,X,207,196.68705230880244,10.312947691197564,1230
3.6,6,MID-SIZE,AS8,Z,299,291.20277777777784,7.79722222222216,1231
2.0,4,MID-SIZE,AS6,X,205,195.54230779746257,9.45769220253743,1232
1.8,4,SUBCOMPACT,AM6,Z,200,199.36499470899477,0.6350052910052284,1233
1.4,4,SUV - SMALL,M6,X,194,199.75749407932108,-5.757494079321077,1234
3.0,6,COMPACT,AS8,Z,221,228.61750753728688,-7.617507537286883,1235
3.0,6,FULL-SIZE,AS8,Z,300,268.2432820311867,31.75671796881329,1236
3.5,6,SUV - STANDARD,AS10,X,314,300.91326058201076,13.086739417989236,1237
1.6,4,COMPACT,AS6,X,172,188.02623409352074,-16.026234093520742,1238
2.5,4,MID-SIZE,AS6,X,205,184.6443353800295,20.355664619970497,1239
2.0,4,STATION WAGON - SMALL,AS8,X,198,208.234238095238,-10.234238095237998,1240
3.5,6,MID-SIZE,AS6,X,221,222.46872845032917,-1.4687284503291664,1241
4.0,8,COMPACT,A9,Z,269,290.5943431938435,-21.594343193843486,1242
4.3,6,PICKUP TRUCK - STANDARD,A6,X,317,301.26426604074715,15.735733959252855,1243
2.0,4,COMPACT,A6,X,193,190.31808488264292,2.6819151173570788,1244
3.6,6,MID-SIZE,AS8,X,247,238.35359641339073,8.646403586609267,1245
6.0,12,SUBCOMPACT,A8,Z,331,332.5376666666666,-1.5376666666666097,1246
4.4,8,MID-SIZE,M6,Z,321,315.6435992063493,5.356400793650721,1247
5.3,8,SUV - STANDARD,A6,E,298,298.79942283975936,-0.7994228397593588,1248
2.0,4,MID-SIZE,AV7,X,174,175.98002339441032,-1.980023394410324,1249
2.0,4,MID-SIZE,M6,X,196,187.74070864914853,8.25929135085147,1250
1.8,4,STATION WAGON - SMALL,M5,X,194,190.26019404669412,3.7398059533058756,1251
1.4,4,SUV - SMALL,M6,X,186,199.75749407932108,-13.757494079321077,1252
2.0,4,MINICOMPACT,AS6,Z,197,197.4083288358098,-0.4083288358098116,1253
1.6,4,SUV - SMALL,AS6,X,220,211.02647607022607,8.973523929773933,1254
4.8,8,FULL-SIZE,AM7,Z,303,296.74787150349636,6.252128496503644,1255
1.8,4,COMPACT,AS6,X,195,193.21602121367278,1.783978786327225,1256
2.0,4,MINICOMPACT,AS8,Z,194,214.57446395550053,-20.574463955500534,1257
